brand,vitola_name,factory_vitola,length_in,ring_gauge,strength,tubos_available,coh_stocked,source_url
Cohiba,Lanceros,Laguito No.1,7.6,38,Medium to Full,no,yes,https://www.cubancigarwebsite.com/brand/cohiba
Cohiba,Coronas Especiales,Laguito No.2,6.0,38,Medium to Full,no,yes,https://www.cubancigarwebsite.com/brand/cohiba
Cohiba,Panetelas,Laguito No.3,4.5,26,Medium to Full,no,yes,https://www.cubancigarwebsite.com/brand/cohiba
Cohiba,Espléndidos,Julieta No.2,7.0,47,Medium to Full,no,yes,https://www.cubancigarwebsite.com/brand/cohiba
Cohiba,Exquisitos,Seoane,5.0,33,Medium to Full,no,yes,https://www.cubancigarwebsite.com/brand/cohiba
Cohiba,Robustos,Robustos,4.9,50,Medium to Full,yes,yes,https://www.cubancigarwebsite.com/brand/cohiba
Cohiba,Pirámides Extra,Pirámides Extra,6.3,54,Medium to Full,yes,yes,https://www.cubancigarwebsite.com/brand/cohiba
Cohiba,Ambar,Placeres,5.2,53,Medium to Full,yes,yes,https://www.cubancigarwebsite.com/brand/cohiba
Cohiba,Siglo I,Perlas,4.0,40,Medium,yes,yes,https://www.cubancigarwebsite.com/brand/cohiba
Cohiba,Siglo II,Marevas,5.1,42,Medium,yes,yes,https://www.cubancigarwebsite.com/brand/cohiba
Cohiba,Siglo III,Coronas Grandes,6.1,42,Medium,yes,yes,https://www.cubancigarwebsite.com/brand/cohiba
Cohiba,Siglo IV,Coronas Gordas,5.6,46,Medium,yes,yes,https://www.cubancigarwebsite.com/brand/cohiba
Cohiba,Siglo V,Dalias,6.7,43,Medium,yes,yes,https://www.cubancigarwebsite.com/brand/cohiba
Cohiba,Siglo VI,Cañonazo,5.9,52,Medium,yes,yes,https://www.cubancigarwebsite.com/brand/cohiba
Cohiba,Medio Siglo,Medio Siglo,4.0,52,Medium,yes,yes,https://www.cubancigarwebsite.com/brand/cohiba
Cohiba,Genios,Genios,5.5,52,Medium to Full,no,yes,https://www.cubancigarwebsite.com/brand/cohiba
Cohiba,Mágicos,Mágicos,4.5,52,Medium to Full,no,yes,https://www.cubancigarwebsite.com/brand/cohiba
Cohiba,Secretos,Secretos,4.3,40,Medium to Full,no,yes,https://www.cubancigarwebsite.com/brand/cohiba
Cohiba,BHK 52,Laguito No.4,4.7,52,Full,no,yes,https://www.cubancigarwebsite.com/brand/cohiba
Cohiba,BHK 54,Laguito No.5,5.7,54,Full,no,yes,https://www.cubancigarwebsite.com/brand/cohiba
Cohiba,BHK 56,Laguito No.6,6.5,56,Full,no,yes,https://www.cubancigarwebsite.com/brand/cohiba
Cohiba,Novedosos (LCDH),,6.1,50,Medium to Full,no,no,https://www.cubancigarwebsite.com/cigar/cohiba/especialista-en-habanos-exclusivo
Montecristo,No.1,Cervantes,6.5,42,Medium to Full,no,yes,https://www.cubancigarwebsite.com/brand/montecristo
Montecristo,No.2,Pirámides,6.1,52,Medium to Full,no,yes,https://www.cubancigarwebsite.com/brand/montecristo
Montecristo,No.3,Coronas,5.6,42,Medium to Full,no,yes,https://www.cubancigarwebsite.com/brand/montecristo
Montecristo,No.4,Marevas,5.1,42,Medium to Full,no,yes,https://www.cubancigarwebsite.com/brand/montecristo
Montecristo,No.5,Perlas,4.0,40,Medium to Full,no,yes,https://www.cubancigarwebsite.com/brand/montecristo
Montecristo,Tubos,Coronas Grandes,6.1,42,Medium to Full,yes,no,https://www.cubancigarwebsite.com/brand/montecristo
Montecristo,Petit Tubos,Marevas,5.1,42,Medium to Full,yes,yes,https://www.cubancigarwebsite.com/brand/montecristo
Montecristo,Joyitas,Laguito No.3,4.5,26,Medium to Full,no,yes,https://www.cubancigarwebsite.com/brand/montecristo
Montecristo,Especial,Laguito No.1,7.6,38,Medium to Full,no,no,https://www.cubancigarwebsite.com/brand/montecristo
Montecristo,Especiales No.2,Laguito No.2,6.0,38,Medium to Full,no,yes,https://www.cubancigarwebsite.com/brand/montecristo
Montecristo,A,Gran Corona,9.3,47,Medium to Full,no,yes,https://www.cubancigarwebsite.com/brand/montecristo
Montecristo,Edmundo,Edmundo,5.3,52,Medium to Full,yes,yes,https://www.cubancigarwebsite.com/brand/montecristo
Montecristo,Petit Edmundo,Petit Edmundo,4.3,52,Medium to Full,yes,yes,https://www.cubancigarwebsite.com/brand/montecristo
Montecristo,Double Edmundo,Dobles,6.1,50,Medium to Full,no,yes,https://www.cubancigarwebsite.com/brand/montecristo
Montecristo,Petit No.2,Petit No.2,4.7,52,Medium to Full,yes,yes,https://www.cubancigarwebsite.com/brand/montecristo
Montecristo,Media Corona,Half Corona,3.5,44,Medium to Full,no,yes,https://www.cubancigarwebsite.com/brand/montecristo
Montecristo,Wide Edmundo,Duke No.3,4.9,54,Medium to Full,no,yes,https://www.cubancigarwebsite.com/brand/montecristo
Montecristo,Open Eagle,Geniales,5.9,54,Medium,yes,yes,https://www.cubancigarwebsite.com/brand/montecristo
Montecristo,Open Junior,Trabucos,4.3,38,Medium,yes,yes,https://www.cubancigarwebsite.com/brand/montecristo
Montecristo,Open Master,Robustos,4.9,50,Medium,yes,yes,https://www.cubancigarwebsite.com/brand/montecristo
Montecristo,Open Regata,Forum,5.3,46,Medium,yes,yes,https://www.cubancigarwebsite.com/brand/montecristo
Montecristo,Open Slam,Idílicos,5.6,52,Medium,no,yes,https://www.cubancigarwebsite.com/brand/montecristo
Montecristo,Dumas,Prominente Corto,5.1,49,Full,no,yes,https://www.cubancigarwebsite.com/brand/montecristo
Montecristo,Maltés,Sobresalientes,6.0,53,Full,no,yes,https://www.cubancigarwebsite.com/brand/montecristo
Montecristo,Leyenda,Maravillas No.2,6.5,55,Full,no,yes,https://www.cubancigarwebsite.com/brand/montecristo
Montecristo,Herederos (Habanos Specialist),,6.4,47,Medium to Full,no,no,https://www.cubancigarwebsite.com/brand/montecristo
Romeo y Julieta,Churchills,Julieta No.2,7.0,47,Medium,yes,yes,https://www.cubancigarwebsite.com/cigar/romeo-y-julieta/churchills
Romeo y Julieta,Short Churchills,Robustos,4.9,50,Medium,yes,yes,https://www.cubancigarwebsite.com/cigar/romeo-y-julieta/short-churchills
Romeo y Julieta,Wide Churchills,Montesco,5.1,55,Medium,yes,yes,https://www.cubancigarwebsite.com/cigar/romeo-y-julieta/wide-churchills
Romeo y Julieta,Petit Churchills,Petit Robustos,4.0,50,Medium,yes,yes,https://www.cubancigarwebsite.com/cigar/romeo-y-julieta/petit-churchills
Romeo y Julieta,Exhibición No.4,Hermosos No.4,5.0,48,Medium,no,no,https://www.cubancigarwebsite.com/cigar/romeo-y-julieta/exhibicion-no4
Romeo y Julieta,Belicosos,Campanas,5.5,52,Medium,no,yes,https://www.cubancigarwebsite.com/cigar/romeo-y-julieta/belicosos
Romeo y Julieta,Cazadores,Cazadores,6.4,43,Medium,no,yes,https://www.cubancigarwebsite.com/cigar/romeo-y-julieta/cazadores
Romeo y Julieta,Cedros de Luxe No.1,Cervantes,6.5,42,Medium,no,no,https://www.cigar-keep.com/en/cigars/romeo-y-julieta/cedros-de-luxe-no-1
Romeo y Julieta,Cedros de Luxe No.2,Coronas,5.6,42,Medium,no,yes,https://www.cubancigarwebsite.com/cigar/romeo-y-julieta/cedros-de-luxe-no2
Romeo y Julieta,Cedros de Luxe No.3,Marevas,5.1,42,Medium,no,yes,https://www.cubancigarwebsite.com/brand/romeo-y-julieta
Romeo y Julieta,Petit Coronas,Marevas,5.1,42,Medium,no,yes,https://www.cubancigarwebsite.com/cigar/romeo-y-julieta/petit-coronas
Romeo y Julieta,Romeo No.1,Cremas,5.5,40,Medium,yes,yes,https://www.cubancigarwebsite.com/cigar/romeo-y-julieta/romeo-no1
Romeo y Julieta,Romeo No.2,Marevas,5.1,42,Medium,yes,yes,https://www.cubancigarwebsite.com/cigar/romeo-y-julieta/romeo-no2
Romeo y Julieta,Romeo No.3,Coronitas,4.6,40,Medium,yes,yes,https://www.cubancigarwebsite.com/cigar/romeo-y-julieta/romeo-no3
Romeo y Julieta,Mille Fleurs,Marevas,5.1,42,Medium,no,yes,https://www.cubancigarwebsite.com/cigar/romeo-y-julieta/mille-fleurs
Romeo y Julieta,Petit Julietas,Entreactos,3.9,30,Medium,no,no,https://www.cubancigarwebsite.com/cigar/romeo-y-julieta/petit-julietas
Romeo y Julieta,Julieta,Julieta No.6,4.7,33,Medium,no,no,https://cigars.co.uk/brand/romeo-y-julieta/?subcategory=440
Romeo y Julieta,Petit Royales,Caprichos,3.7,47,Medium,yes,yes,https://www.cubancigarwebsite.com/cigar/romeo-y-julieta/petit-royales
Romeo y Julieta,Belvederes,Belvederes,4.9,39,Medium,no,yes,https://www.cubancigarwebsite.com/cigar/romeo-y-julieta/belvederes
Romeo y Julieta,Sports Largos,Sports,4.6,35,Medium,no,yes,https://www.cubancigarwebsite.com/cigar/romeo-y-julieta/sports-largos
Romeo y Julieta,Regalías de Londres,Coronitas,4.6,40,Medium,no,no,https://www.cubancigarwebsite.com/cigar/romeo-y-julieta/regalias-de-londres
Romeo y Julieta,Coronitas en Cedro,Coronitas,4.6,40,Medium,no,yes,https://www.cubancigarwebsite.com/brand/romeo-y-julieta
Romeo y Julieta,Club Kings,Marevas,5.1,42,Medium,no,yes,https://www.cubancigarwebsite.com/cigar/romeo-y-julieta/club-kings
Romeo y Julieta,Dianas,Damas,5.7,52,Medium to Full,no,yes,https://www.cubancigarwebsite.com/cigar/romeo-y-julieta/dianas
Romeo y Julieta,Hidalgos,Hidalgos,4.9,57,Medium to Full,no,yes,https://www.cubancigarwebsite.com/cigar/romeo-y-julieta/hidalgos
Romeo y Julieta,Nobles,Triangulares,5.3,56,Medium to Full,no,yes,https://www.cubancigarwebsite.com/cigar/romeo-y-julieta/nobles
Romeo y Julieta,Amantes,Sobresalientes,6.0,53,Medium,no,no,https://www.cubancigarwebsite.com/cigar/romeo-y-julieta/amantes
Romeo y Julieta,Cupidos (LCDH),Veronas,5.8,55,Medium,no,yes,https://www.cubancigarwebsite.com/cigar/romeo-y-julieta/especialista-en-habanos-y-la-casa-del-habano-exclusivo
Romeo y Julieta,Cedros de Luxe (LCDH),Gorditos,5.6,50,Medium,no,yes,https://www.cubancigarwebsite.com/cigar/romeo-y-julieta/la-casa-del-habano-exclusivo
Partagás,Aristocrats,Petit Cetros,5.1,40,Full,no,yes,https://www.cubancigarwebsite.com/brand/partagas
Partagás,Coronas Junior,Coronitas,4.6,40,Full,yes,no,https://www.cubancigarwebsite.com/cigar/partagas/coronas-junior
Partagás,Coronas Senior,Eminentes,5.2,42,Full,yes,no,https://www.cubancigarwebsite.com/cigar/partagas/coronas-senior
Partagás,Habaneros,Belvederes,4.9,39,Full,no,yes,https://www.cubancigarwebsite.com/cigar/partagas/habaneros
Partagás,Lusitanias,Prominentes,7.6,49,Full,no,yes,https://www.cubancigarwebsite.com/brand/partagas
Partagás,Mille Fleurs,Marevas,5.1,42,Full,no,yes,https://www.cubancigarwebsite.com/brand/partagas
Partagás,Partagás de Luxe,Cremas,5.5,40,Full,yes,no,https://www.cubancigarwebsite.com/cigar/partagas/partagas-de-luxe
Partagás,Petit Coronas Especiales,Eminentes,5.2,42,Full,no,yes,https://www.cubancigarwebsite.com/brand/partagas
Partagás,Presidentes,Tacos,6.2,47,Full,no,yes,https://www.cubancigarwebsite.com/brand/partagas
Partagás,Shorts,Minutos,4.3,42,Full,no,yes,https://www.cubancigarwebsite.com/brand/partagas
Partagás,Super Partagás,Cremas,5.5,40,Full,no,yes,https://www.cubancigarwebsite.com/brand/partagas
Partagás,8-9-8,Dalias,6.7,43,Full,no,yes,https://www.cubancigarwebsite.com/brand/partagas
Partagás,Serie D No.4,Robustos,4.9,50,Full,yes,yes,https://www.cubancigarwebsite.com/brand/partagas
Partagás,Serie D No.5,D No.5,4.3,50,Full,yes,yes,https://www.cubancigarwebsite.com/brand/partagas
Partagás,Serie D No.6,D No.6,3.5,50,Full,no,yes,https://www.cubancigarwebsite.com/brand/partagas
Partagás,Serie E No.2,Duke,5.5,54,Full,yes,yes,https://www.cubancigarwebsite.com/brand/partagas
Partagás,Serie P No.2,Pirámides,6.1,52,Full,yes,yes,https://www.cubancigarwebsite.com/brand/partagas
Partagás,Culebras,Culebras,5.7,39,Full,no,yes,https://www.cubancigarwebsite.com/brand/partagas
Partagás,Maduro No.1,Discretos,5.1,52,Full,no,yes,https://www.cubancigarwebsite.com/brand/partagas
Partagás,Maduro No.2,Short Pirámides,4.7,55,Full,no,yes,https://www.cubancigarwebsite.com/brand/partagas
Partagás,Maduro No.3,Maduro No.3,5.7,50,Full,no,yes,https://www.cubancigarwebsite.com/brand/partagas
Partagás,Capitols,Marevas,5.1,42,Full,no,yes,https://www.cubancigarwebsite.com/brand/partagas
Partagás,Salomones (LCDH),Salomón,7.2,57,Full,no,yes,https://www.cubancigarwebsite.com/cigar/partagas/la-casa-del-habano-exclusivo
Partagás,Aliados (LCDH),Delirios,6.6,45,Full,no,yes,https://www.cubancigarwebsite.com/brand/partagas
Partagás,Maestro,Deleites,5.2,56,Full,no,yes,https://www.cubancigarwebsite.com/brand/partagas
Partagás,Origen,Bondadosos,6.1,46,Full,no,yes,https://www.cubancigarwebsite.com/brand/partagas
Partagás,Rito,Gustosos,6.6,52,Full,no,yes,https://www.cubancigarwebsite.com/brand/partagas
Hoyo de Monterrey,Double Coronas,Prominentes,7.6,49,Light,no,yes,https://www.cubancigarwebsite.com/cigar/hoyo-de-monterrey/double-coronas
Hoyo de Monterrey,Epicure No.1,Coronas Gordas,5.6,46,Light,yes,yes,https://www.cubancigarwebsite.com/cigar/hoyo-de-monterrey/epicure-no1
Hoyo de Monterrey,Epicure No.2,Robustos,4.9,50,Light,yes,yes,https://www.cubancigarwebsite.com/cigar/hoyo-de-monterrey/epicure-no2
Hoyo de Monterrey,Epicure No.3,Originales,4.9,54,Light,yes,yes,https://www.cubancigarwebsite.com/cigar/hoyo-de-monterrey/epicure-no3
Hoyo de Monterrey,Epicure Especial,Gorditos,5.6,50,Light,yes,yes,https://www.cubancigarwebsite.com/cigar/hoyo-de-monterrey/epicure-especial
Hoyo de Monterrey,Petit Robustos,Petit Robustos,4.0,50,Light,no,yes,https://www.cubancigarwebsite.com/cigar/hoyo-de-monterrey/petit-robustos
Hoyo de Monterrey,Coronations,Marevas,5.1,42,Light,yes,yes,https://www.cubancigarwebsite.com/cigar/hoyo-de-monterrey/coronations
Hoyo de Monterrey,Palmas Extra,Cremas,5.5,40,Light,no,yes,https://www.cubancigarwebsite.com/cigar/hoyo-de-monterrey/palmas-extra
Hoyo de Monterrey,Le Hoyo du Maire,Entreactos,3.9,30,Light,no,yes,https://www.cubancigarwebsite.com/cigar/hoyo-de-monterrey/le-hoyo-du-maire
Hoyo de Monterrey,Le Hoyo du Député,Trabucos,4.3,38,Light,no,no,https://www.cubancigarwebsite.com/cigar/hoyo-de-monterrey/le-hoyo-du-depute
Hoyo de Monterrey,Le Hoyo de San Juan,Geniales,5.9,54,Light,yes,yes,https://www.cubancigarwebsite.com/cigar/hoyo-de-monterrey/le-hoyo-de-san-juan
Hoyo de Monterrey,Le Hoyo de Río Seco,Aromosos,5.5,56,Light,yes,yes,https://www.cubancigarwebsite.com/cigar/hoyo-de-monterrey/le-hoyo-de-rio-seco
Hoyo de Monterrey,Le Hoyo de San Luis,Fragancias,6.3,52,Light,no,no,https://halfwheel.com/diplomaticos-cancilleres-hoyo-de-monterrey-ley-hoyo-de-san-luis-announced/447934/
Hoyo de Monterrey,Souvenir de Luxe,Marevas,5.1,42,Light,no,yes,https://www.cubancigarwebsite.com/brand/hoyo-de-monterrey
Hoyo de Monterrey,Epicure de Luxe (LCDH),Mágicos,4.5,52,Light,no,yes,https://www.cubancigarwebsite.com/cigar/hoyo-de-monterrey/la-casa-del-habano-exclusivo2
Hoyo de Monterrey,Elegantes (LCDH),Tacos,6.2,47,Light,no,yes,https://www.cubancigarwebsite.com/cigar/hoyo-de-monterrey/la-casa-del-habano-exclusivo1
Hoyo de Monterrey,Escogidos (LCDH),Paco,7.1,49,Light,no,no,https://www.cubancigarwebsite.com/cigar/hoyo-de-monterrey/la-casa-del-habano-exclusivo
H. Upmann,Connoisseur No.1,Hermosos No.4,5.0,48,Light to Medium,no,yes,https://www.cubancigarwebsite.com/brand/h-upmann
H. Upmann,Coronas Major,Eminentes,5.2,42,Light to Medium,yes,yes,https://www.cubancigarwebsite.com/brand/h-upmann
H. Upmann,Coronas Junior,Cadetes,4.5,36,Light to Medium,yes,yes,https://www.cubancigarwebsite.com/brand/h-upmann
H. Upmann,Epicures,Epicures,4.3,35,Light to Medium,no,yes,https://www.cubancigarwebsite.com/brand/h-upmann
H. Upmann,Magnum 46,Coronas Gordas,5.6,46,Light to Medium,yes,yes,https://www.cubancigarwebsite.com/brand/h-upmann
H. Upmann,Magnum 50,Magnum 50,6.3,50,Light to Medium,yes,yes,https://www.cubancigarwebsite.com/brand/h-upmann
H. Upmann,Magnum 52,Segundos,5.8,52,Light to Medium,no,yes,https://cigars.co.uk/brand/h-upmann/?subcategory=440
H. Upmann,Magnum 54,Magnum 54,4.7,54,Light to Medium,yes,yes,https://www.cubancigarwebsite.com/brand/h-upmann
H. Upmann,Majestic,Cremas,5.5,40,Light to Medium,no,yes,https://www.cubancigarwebsite.com/brand/h-upmann
H. Upmann,Regalias,Marevas,5.1,42,Light to Medium,no,yes,https://www.cubancigarwebsite.com/brand/h-upmann
H. Upmann,Sir Winston,Julieta No.2,7.0,47,Light to Medium,no,no,https://www.cubancigarwebsite.com/brand/h-upmann
H. Upmann,Upmann No.2,Pirámides,6.1,52,Light to Medium,no,yes,https://www.cubancigarwebsite.com/brand/h-upmann
H. Upmann,Half Corona,Half Corona,3.5,44,Light to Medium,no,yes,https://www.cubancigarwebsite.com/brand/h-upmann
H. Upmann,Connossieur No.2,Bohemios,5.3,51,Light to Medium,no,yes,https://www.cubancigarwebsite.com/brand/h-upmann
H. Upmann,Noellas (LCDH),,5.3,42,Light to Medium,no,no,https://www.cubancigarwebsite.com/brand/h-upmann
H. Upmann,Royal Robusto (LCDH),Edmundo,5.3,52,Light to Medium,no,yes,https://www.cubancigarwebsite.com/brand/h-upmann
H. Upmann,Connossieur A (Habanos Specialist),Genios,5.5,52,Light to Medium,no,yes,https://www.cubancigarwebsite.com/brand/h-upmann
H. Upmann,Connossieur B (Habanos Specialist),Geniales,5.9,54,Light to Medium,no,yes,https://www.cubancigarwebsite.com/brand/h-upmann
Bolívar,Belicosos Finos,Campanas,5.5,52,Full,no,yes,https://www.cubancigarwebsite.com/brand/bolivar
Bolívar,Tubos No.2,Marevas,5.1,42,Full,yes,no,https://www.cubancigarwebsite.com/brand/bolivar
Bolívar,Coronas Junior,Minutos,4.3,42,Full,no,yes,https://www.cubancigarwebsite.com/brand/bolivar
Bolívar,Petit Coronas,Marevas,5.1,42,Full,yes,yes,https://www.cubancigarwebsite.com/brand/bolivar
Bolívar,Royal Coronas,Robustos,4.9,50,Full,no,yes,https://www.cubancigarwebsite.com/brand/bolivar
Bolívar,Libertador (LCDH),Sublimes,6.5,54,Full,no,no,https://www.cubancigarwebsite.com/brand/bolivar
Bolívar,New Gold Medal (LCDH),,6.5,48,Full,no,yes,https://halfwheel.com/bolivar-new-gold-medal/439502/
Punch,Coronations,Marevas,5.1,42,Medium,yes,no,https://www.cubancigarwebsite.com/brand/punch
Punch,Double Coronas,Prominentes,7.6,49,Medium,no,yes,https://www.cubancigarwebsite.com/brand/punch
Punch,Petit Coronations,Coronitas,4.6,40,Medium,yes,no,https://www.cubancigarwebsite.com/brand/punch
Punch,Punch Punch,Coronas Gordas,5.6,46,Medium,no,yes,https://www.cubancigarwebsite.com/brand/punch
Punch,Punch 48 (LCDH),Hermosos No.3,5.5,48,Medium,no,no,https://www.cubancigarwebsite.com/brand/punch
Punch,Short de Punch,Paraísos,4.7,50,Medium,no,yes,https://www.cubancigarwebsite.com/brand/punch
Punch,Triunfos,Marevas,5.1,42,Medium,no,yes,https://www.cubancigarwebsite.com/brand/punch
Ramón Allones,Small Club Coronas,Minutos,4.3,42,Full,no,yes,https://www.cubancigarwebsite.com/brand/ramon-allones
Ramón Allones,Specially Selected,Robustos,4.9,50,Full,no,yes,https://www.cubancigarwebsite.com/brand/ramon-allones
Ramón Allones,Gigantes,Prominentes,7.6,49,Full,no,yes,https://www.cubancigarwebsite.com/brand/ramon-allones
Ramón Allones,Allones Superiores (LCDH),Coronas Gordas,5.6,46,Full,no,yes,https://www.cubancigarwebsite.com/brand/ramon-allones
Ramón Allones,Allones No.3,Nobleza,5.4,52,Full,no,yes,https://www.cubancigarwebsite.com/brand/ramon-allones
Trinidad,Fundadores,Laguito Especial,7.6,40,Medium,no,yes,https://www.cubancigarwebsite.com/brand/trinidad
Trinidad,Coloniales,Coloniales,5.2,44,Medium,no,yes,https://www.cubancigarwebsite.com/brand/trinidad
Trinidad,Reyes,Reyes,4.3,40,Medium,no,yes,https://www.cubancigarwebsite.com/brand/trinidad
Trinidad,Robustos Extra,Dobles PT,6.1,50,Medium,no,yes,https://www.cubancigarwebsite.com/brand/trinidad
Trinidad,Vigía,Torres,4.3,54,Medium,yes,yes,https://www.cubancigarwebsite.com/brand/trinidad
Trinidad,Esmeralda,Dinora,5.7,53,Medium,no,yes,https://www.cubancigarwebsite.com/brand/trinidad
Trinidad,Media Luna,Marinas,4.5,50,Medium,no,yes,https://www.cubancigarwebsite.com/brand/trinidad
Trinidad,Topes,Topes,4.9,56,Medium,no,yes,https://www.cubancigarwebsite.com/brand/trinidad
Trinidad,La Trova (LCDH),Cañonazo Especial,6.5,52,Medium,no,yes,https://www.cubancigarwebsite.com/cigar/trinidad/la-casa-del-habano-exclusivo
Trinidad,Villa (LCDH),Julieta No.3,6.7,47,Medium,no,no,https://halfwheel.com/trinidad-villa-debuting-in-mexico-in-mid-november/454436/
Saint Luis Rey,Regios,Hermosos No.4,5.0,48,Full,no,yes,https://www.cubancigarwebsite.com/brand/saint-luis-rey
Quai d'Orsay,Coronas Claro,Coronas,5.6,42,Light,no,yes,https://www.cubancigarwebsite.com/brand/quai-dorsay
Quai d'Orsay,No.50,D No.5,4.3,50,Light,no,yes,https://www.cubancigarwebsite.com/brand/quai-dorsay
Quai d'Orsay,No.54,Edmundo Grueso,5.3,54,Light,no,yes,https://www.cubancigarwebsite.com/brand/quai-dorsay
Quai d'Orsay,No.52,Lanzas,6.1,52,Light,no,yes,https://www.cubancigarwebsite.com/brand/quai-dorsay
Por Larrañaga,Petit Coronas,Marevas,5.1,42,Light to Medium,no,yes,https://www.cubancigarwebsite.com/brand/por-larranaga
Por Larrañaga,Montecarlos,Deliciosos,6.3,33,Light to Medium,no,yes,https://www.cubancigarwebsite.com/brand/por-larranaga
Por Larrañaga,Picadores (LCDH),Hermosos No.4,5.0,48,Light to Medium,no,yes,https://www.cubancigarwebsite.com/brand/por-larranaga
Por Larrañaga,Galanes,Galanes,4.7,52,Light to Medium,no,yes,https://www.cubancigarwebsite.com/brand/por-larranaga
La Gloria Cubana,Medaille d'Or No.4,Palmitas,6.0,32,Medium,no,yes,https://www.cubancigarwebsite.com/cigar/la-gloria-cubana/medaille-dor-no4
La Gloria Cubana,Turquinos,Gorditos,5.6,50,Medium,no,yes,https://www.cubancigarwebsite.com/cigar/la-gloria-cubana/turquinos1
La Gloria Cubana,Glorias (LCDH),Flechas,6.1,49,Medium,no,yes,https://www.cubancigarwebsite.com/cigar/la-gloria-cubana/la-casa-del-habano-exclusivo1
Juan López,Selección No.1,Coronas Gordas,5.6,46,Medium to Full,no,yes,https://www.cubancigarwebsite.com/brand/juan-lopez
Juan López,Selección No.2,Robustos,4.9,50,Medium to Full,no,yes,https://www.cubancigarwebsite.com/brand/juan-lopez
Juan López,Selección Especial (LCDH),Fortunas,6.7,52,Medium to Full,no,yes,https://www.cubancigarwebsite.com/cigar/juan-lopez/la-casa-del-habano-exclusivo
El Rey del Mundo,Choix Suprême,Hermosos No.4,5.0,48,Light to Medium,no,no,https://www.cubancigarwebsite.com/brand/el-rey-del-mundo
El Rey del Mundo,Demi Tasse,Entreactos,3.9,30,Light to Medium,no,no,https://www.cubancigarwebsite.com/brand/el-rey-del-mundo
El Rey del Mundo,Royal Series (LCDH),Dobles,6.1,50,Light to Medium,no,yes,https://www.cubancigarwebsite.com/cigar/el-rey-del-mundo/la-casa-del-habano-exclusivo
Diplomáticos,No.2,Pirámides,6.1,52,Medium to Full,no,yes,https://www.cubancigarwebsite.com/brand/diplomaticos
Diplomáticos,Cancilleres,Centrofinos,5.1,50,Medium to Full,no,no,https://www.cubancigarwebsite.com/brand/diplomaticos
Cuaba,Divinos,Petit Bouquet,4.0,43,Medium to Full,no,yes,https://www.cubancigarwebsite.com/brand/cuaba
Cuaba,Exclusivos,Exquisitos,5.7,46,Medium to Full,no,yes,https://www.cubancigarwebsite.com/brand/cuaba
Cuaba,Tradicionales,Favoritos,4.7,42,Medium to Full,no,yes,https://www.cubancigarwebsite.com/brand/cuaba
Cuaba,Distinguidos,Romeo,6.4,52,Medium to Full,no,yes,https://www.cubancigarwebsite.com/brand/cuaba
Cuaba,Salomón,Salomón,7.2,57,Medium to Full,no,yes,https://www.cubancigarwebsite.com/brand/cuaba
La Flor de Cano,Petit Coronas,Standard,4.8,40,Medium,no,yes,https://www.cubancigarwebsite.com/brand/la-flor-de-cano
La Flor de Cano,Elegidos,Lirios,5.0,50,Medium,no,yes,https://www.cubancigarwebsite.com/brand/la-flor-de-cano
Rafael González,Petit Coronas,Marevas,5.1,42,Light,no,yes,https://cigars.co.uk/brand/rafael-gonzalez/?subcategory=440
Rafael González,Perlas,Perlas,4.0,40,Light,no,yes,https://www.cubancigarwebsite.com/cigar/rafael-gonzalez/perlas
Rafael González,Panetelas Extra,Vegueritos,5.0,37,Light,no,no,https://www.cubancigarwebsite.com/cigar/rafael-gonzalez/panetelas-extra
Rafael González,Coronas de Lonsdales,Hermosos No.4,5.0,48,Light,no,yes,https://www.cubancigarwebsite.com/cigar/rafael-gonzalez/coronas-de-lonsdales
Fonseca,Cosacos,Cosacos,5.3,42,Light,no,yes,https://www.cubancigarwebsite.com/brand/fonseca
Fonseca,Delicias,Standard,4.8,40,Light,no,yes,https://www.cubancigarwebsite.com/brand/fonseca
Fonseca,KDT Cadetes,Cadetes,4.5,36,Light,no,yes,https://www.cubancigarwebsite.com/brand/fonseca
Fonseca,Fonseca No.1,Cazadores,6.4,43,Light,no,no,https://www.cubancigarwebsite.com/brand/fonseca
San Cristóbal de la Habana,El Príncipe,Minutos,4.3,42,Light to Medium,no,yes,https://www.cubancigarwebsite.com/brand/san-cristobal
San Cristóbal de la Habana,La Fuerza,Gorditos,5.6,50,Light to Medium,no,yes,https://www.cubancigarwebsite.com/brand/san-cristobal
San Cristóbal de la Habana,La Punta,Campanas,5.5,52,Light to Medium,no,yes,https://www.cubancigarwebsite.com/brand/san-cristobal
San Cristóbal de la Habana,Prado (LCDH),Petit Pirámides,5.0,50,Light to Medium,no,yes,https://www.cubancigarwebsite.com/brand/san-cristobal
Sancho Panza,Belicosos,Campanas,5.5,52,Medium,no,yes,https://www.cubancigarwebsite.com/brand/sancho-panza
Vegas Robaina,Famosos,Hermosos No.4,5.0,48,Medium to Full,no,yes,https://www.cubancigarwebsite.com/brand/vegas-robaina
Vegas Robaina,Únicos,Pirámides,6.1,52,Medium to Full,no,yes,https://www.cubancigarwebsite.com/brand/vegas-robaina
Vegueros,Entretiempos,Petit Edmundo,4.3,52,Full,no,yes,https://www.cubancigarwebsite.com/brand/vegueros
Vegueros,Mañanitas,Mañanitas,3.9,46,Full,no,yes,https://www.cubancigarwebsite.com/brand/vegueros
Vegueros,Tapados,,4.7,46,Full,no,yes,https://www.cubancigarwebsite.com/brand/vegueros
Vegueros,Centrofinos,Centrofinos,5.1,50,Full,no,yes,https://www.cubancigarwebsite.com/brand/vegueros
Vegueros,Centrogordos,Centrogordos,3.9,54,Full,no,yes,https://www.cubancigarwebsite.com/brand/vegueros
Quintero,Brevas,,5.5,40,Medium,no,yes,https://www.cigarworld.de/zigarren/kuba/regulares/quintero-01011
Quintero,Favoritos,Concha No.2,4.5,50,Medium,yes,yes,https://www.cubancigarwebsite.com/cigar/quintero/favoritos
Quintero,Londres Extra,Standard,4.8,40,Medium,no,yes,https://cigars.co.uk/brand/quintero/?subcategory=440
Quintero,Nacionales,Cremas,5.5,40,Medium,no,no,https://cigars.co.uk/brand/quintero/?subcategory=440
Quintero,Panetelas,Vegueritos,5.0,37,Medium,no,no,https://www.cigarworld.de/zigarren/kuba/regulares/quintero-01011
Quintero,Petit Quintero,Petit Cazadores,4.1,43,Medium,no,yes,https://cigars.co.uk/brand/quintero/?subcategory=440
Quintero,Tubulares,Brevas JLP,5.2,42,Medium,yes,no,https://www.cubancigarwebsite.com/cigar/quintero/tubulares
José L. Piedra,Brevas,Brevas JLP,5.2,42,Medium to Full,no,yes,https://www.cubancigarwebsite.com/brand/jose-l-piedra
José L. Piedra,Cazadores,Cazadores JLP,6.0,43,Medium to Full,no,yes,https://www.cubancigarwebsite.com/brand/jose-l-piedra
José L. Piedra,Conservas,Conservas JLP,5.5,44,Medium to Full,no,yes,https://www.cubancigarwebsite.com/brand/jose-l-piedra
José L. Piedra,Cremas,Cremas JLP,5.4,40,Medium to Full,no,yes,https://cigars.co.uk/brand/jose-l-piedra/?subcategory=440
José L. Piedra,Petit Cazadores,Petit Cazadores,4.1,43,Medium to Full,no,yes,https://www.cubancigarwebsite.com/brand/jose-l-piedra
José L. Piedra,Petit Caballeros,Hermoso Especial,4.7,48,Medium to Full,no,yes,https://www.cubancigarwebsite.com/brand/jose-l-piedra
