brand,vitola,tags,strength_felt,sources
Cohiba,Siglo I,honey;coffee;grass;hay;vanilla;leather;citrus,mild-medium,https://www.cubancigarwebsite.com/cigar/cohiba/siglo-i;https://www.smoke-king.co.uk/cohiba-siglo-i-cuban-cigar-single
Cohiba,Siglo II,grass;honey;citrus;cream;coffee;hay;cedar,mild-medium,https://www.cubancigarwebsite.com/cigar/cohiba/siglo-ii;https://blindmanspuff.com/blind-cigar-review-cohiba-siglo-ii/;https://cigarobsession.com/2021/05/25/cuban-cohiba-siglo-ii-cigar-review/
Cohiba,Siglo III,grass;hay;citrus;honey;woody;coffee;cream,medium,https://www.cubancigarwebsite.com/cigar/cohiba/siglo-iii;https://cigarobsession.com/?p=39847;https://www.cigarinspector.com/?p=12482
Cohiba,Siglo IV,hay;honey;coffee;grass;spice;vanilla;cedar,medium,https://www.cubancigarwebsite.com/cigar/cohiba/siglo-iv;https://www.cigarsunlimited.co.uk/product/cohiba-siglo-iv-single-cigar;https://www.puroexpress.com/cohiba-siglo-iv
Cohiba,Siglo VI,honey;coffee;hay;cream;butter;vanilla;pepper,medium,https://www.cubancigarwebsite.com/cigar/cohiba/siglo-vi;https://blindmanspuff.com/blind-cigar-review-cohiba-siglo-vi/
Cohiba,Robustos,honey;coffee;grass;citrus;vanilla;cream;cedar,medium-full,https://www.cubancigarwebsite.com/cigar/cohiba/robustos;https://www.boozemakers.com/articles/cohiba-robusto-cuban-review;https://www.cigarinspector.com/?p=12446
Cohiba,Esplendidos,honey;coffee;butter;hay;grass;vanilla;cream,medium-full,https://www.cubancigarwebsite.com/cigar/cohiba/esplendidos;https://mitchellswine.co.uk/?p=766;https://www.cigarsunlimited.co.uk/product/cohiba-esplendidos-single
Cohiba,Lanceros,honey;grass;hay;coffee;vanilla;butter;spice,medium,https://www.cubancigarwebsite.com/cigar/cohiba/lanceros;https://www.cigarinspector.com/ci/cohiba-lancero/
Cohiba,Behike 52,coffee;cedar;nuts;cocoa;earth;leather;pepper,medium-full,https://robertgraham1874.com/product/cohiba-behike-bhk-52-cigar-1-single/;https://www.cigarsense.com/?p=32056
Cohiba,Behike 54,cedar;earth;cocoa;leather;cream;nuts;espresso,medium-full,https://robertgraham1874.com/product/cohiba-behike-bhk-54-cigar-1-single/;https://www.cigarsense.com/?p=31295
Cohiba,Behike 56,coffee;butter;honey;leather;citrus;cocoa;pepper,full,https://www.cubancigarwebsite.com/cigar/cohiba/bhk-56;https://www.cgarsltd.co.uk/cohiba-behike-bhk-cigar-single-p-8639.html;https://robertgraham1874.com/?p=24494
Cohiba,Maduro 5 Magicos,dark_chocolate;coffee;pepper;leather;earth;spice;cream,medium-full,https://cigarsunlimited.co.uk/product/cohiba-maduro-5-magicos-box-of-25;https://robertgraham1874.com/?p=7603
Cohiba,Maduro 5 Genios,cocoa;caramel;earth;leather;cedar;coffee;spice,medium,https://www.cubancigarwebsite.com/cigar/cohiba/genios;https://www.cigarinspector.com/?p=9323;https://www.cigarsense.com/cigar_analysis_cohiba-maduro-5-genios/
Cohiba,Medio Siglo,butter;coffee;hay;honey;bread;spice;floral,medium-full,https://www.cubancigarwebsite.com/cigar/cohiba/medio-siglo;https://farehamwinecellar.co.uk/?p=78118;https://www.cigarsense.com/?p=32059
Montecristo,No. 1,woody;nuts;earth;cocoa;spice;mineral,medium,https://www.cigarslover.com/?p=63951;https://www.simplycigars.co.uk/montecristo-cigar-single-p-1588.html;https://www.cigarsense.com/?p=29775
Montecristo,No. 2,coffee;cocoa;cedar;earth;pepper;leather;nuts,medium-full,https://www.boozemakers.com/articles/montecristo-no-2-cuban-review;https://www.cigarslover.com/montecristo-no-2/
Montecristo,No. 3,cream;coffee;earth;leather;woody;nuts;floral,mild-medium,https://cigarobsession.com/?p=40178;https://www.cigarslover.com/en/montecristo-no-3/
Montecristo,No. 4,cocoa;coffee;cedar;hay;bread;white_pepper;spice,medium,https://cigarobsession.com/?p=40454;https://www.simplycigars.co.uk/montecristo-no4-pack-cigars-p-1474.html
Montecristo,No. 5,earth;nuts;coffee;pepper;leather;sweet;dried_fruit,medium,https://www.jjfox.co.uk/montecristo-no-5-753.html;https://www.cgarsltd.co.uk/montecristo-cigar-single-p-509.html?page=9;https://www.smoke-king.co.uk/single-montecristo-no-5-cuban-handmade-cigar
Montecristo,Edmundo,cedar;earth;woody;vanilla;coffee;oak;sweet,medium,https://www.cigarinspector.com/?p=9;https://thecigarauthority.com/?p=6132;https://cigarsunlimited.co.uk/product/montecristo-edmundo-in-tubes-single-cigar-2
Montecristo,Petit Edmundo,cocoa;leather;coffee;cream;nuts;earth;cedar,medium-full,https://www.cubancigarwebsite.com/cigar/montecristo/petit-edmundo;https://bespokeunit.com/articles/cigars/montecristo-petit-edmundo/;https://cigarobsession.com/?p=40677
Montecristo,Media Corona,tobacco;coffee;cocoa;cream;leather;spice;nuts,medium-full,https://www.cubancigarwebsite.com/cigar/montecristo/media-corona;https://www.cigarinspector.com/ci/review-montecristo-media-corona/
Montecristo,Open Master,woody;cream;oak;cedar;leather;pepper,mild-medium,https://cigarobsession.com/?p=39350;https://robertgraham1874.com/?p=7429
Montecristo,Open Eagle,cream;floral;nuts;pepper;sweet,mild-medium,https://cigarobsession.com/?p=40435;https://www.smoke-king.co.uk/montecristo-open-eagle-cuban-cigar-single
Montecristo,Petit No. 2,cedar;nuts;cream;bread;cocoa;pepper;spice,medium,https://blindmanspuff.com/blind-cigar-review-montecristo-petit-no-2/;https://www.cubancigarwebsite.com/cigar/montecristo/petit-no-2
Montecristo,Double Edmundo,cocoa;coffee;woody;earth;cream;cedar,medium-full,https://www.cubancigarwebsite.com/cigar/montecristo/double-edmundo;https://cigarsunlimited.co.uk/product/montecristo-double-edmundo-single;https://www.cigarsunlimited.co.uk/reviewcategories/recent-reviews/
Montecristo,Linea 1935 Maltes,earth;coffee;pepper;grass;hay;woody;tea,medium-full,https://cigar-coop.com/2019/11/cigar-review-montecristo-linea-1935-maltes.html;https://www.cigarinspector.com/ci/cigar-review-montecristo-maltes-linea-1935/
Montecristo,Linea 1935 Leyenda,cedar;cream;almond;cocoa;earth;coffee;toast,medium-full,https://www.cubancigarwebsite.com/cigar/montecristo/leyenda;https://www.cigarinspector.com/?p=18140;https://www.cigarslover.com/montecristo-linea-1935-leyenda/
Romeo y Julieta,Churchill,cedar;earth;pepper;cream;cocoa;vanilla;nuts,medium,https://farehamwinecellar.co.uk/?p=44669;https://www.cgarsltd.co.uk/romeo-julieta-churchills-untubed-cigar-single-p-4066.html
Romeo y Julieta,Short Churchill,cedar;leather;honey;cocoa;hay;coffee,mild-medium,https://stogiereview.com/2017/10/03/romeo-y-julieta-short-churchill/;https://cigarsunlimited.co.uk/product/romeo-y-julieta-short-churchill-box-of-10
Romeo y Julieta,Wide Churchill,woody;sweet;honey;coffee;cream;earth;leather,medium,https://www.cigarslover.com/romeo-y-julieta-wide-churchills/;https://farehamwinecellar.co.uk/?p=44668
Romeo y Julieta,Petit Churchill,nuts;earth;coffee;spice;leather;bread;cinnamon,medium,https://bespokeunit.com/articles/cigars/romeo-y-julieta-petit-churchill/;https://mitchellswine.co.uk/?p=930
Romeo y Julieta,Romeo No. 1,cedar;cream;coffee;cocoa;nuts;floral;vanilla,medium,https://www.simplycigars.co.uk/romeo-julieta-no1-tubos-single-cigar-p-1574.html;https://www.cgarsltd.co.uk/romeo-julieta-tubed-cigar-box-p-4083.html?page=3
Romeo y Julieta,Romeo No. 2,earth;cedar;leather;coffee;pepper;vanilla;bread,medium,https://cigarobsession.com/?p=41391;https://jjfox.co.uk/romeo-y-julieta-tubos-no-2-910.html
Romeo y Julieta,Romeo No. 3,floral;woody;coffee;pepper;cocoa;nuts;earth,mild-medium,https://www.cigarslover.com/romeo-y-julieta-romeo-no-3/;https://www.watchcollectinglifestyle.com/home/experience-romeo-y-julieta-romeo-no3-the-perfect-cigar-for-ladies
Romeo y Julieta,Exhibicion No. 4,woody;nuts;earth;cream;honey;sweet;pepper,medium,https://blindmanspuff.com/?p=306;https://www.cigarslover.com/romeo-y-julieta-exhibicion-no-4/
Romeo y Julieta,Belicosos,woody;nuts;earth;coffee;spice;mineral;floral,medium,https://www.cigarslover.com/?p=63103;https://www.cigarslover.com/?p=46273
Romeo y Julieta,Cedros de Luxe No. 2,cedar;leather;earth;coffee;spice;sweet,medium,https://robertgraham1874.com/?p=7143;https://www.cgarsltd.co.uk/romeo-julieta-cedros-luxe-cigar-box-p-359.html
Romeo y Julieta,Linea de Oro Dianas,cedar;coffee;cream;white_pepper;woody;nuts;brown_sugar,medium-full,https://www.cigarslover.com/romeo-y-julieta-linea-de-oro-dianas/;https://robertgraham1874.com/product/romeo-y-julieta-linea-de-oro-dianas-single-cigar/;https://www.zigarren.zone/en/?p=69745
Romeo y Julieta,Linea de Oro Hidalgos,~cedar;coffee;cream;pepper;woody;sweet,medium-full,https://cigarsunlimited.co.uk/product/romeo-y-julieta-linea-de-oro-hidalgos-box-of-20;https://www.cgarsltd.co.uk/romeo-julieta-linea-oro-hidalgos-cigar-box-p-49273.html
Partagas,Serie D No. 4,spice;pepper;toast;tobacco;earth;woody;nuts,medium-full,https://www.cubancigarwebsite.com/cigar/partagas/serie-d-no4;https://www.cgarsltd.co.uk/partagas-serie-cigar-box-p-250.html?page=3;https://www.cigarsense.com/?p=29457
Partagas,Serie D No. 5,leather;woody;pepper;honey;almond;vanilla;hay,medium-full,https://www.cubancigarwebsite.com/cigar/partagas/serie-d-no5;https://cigarobsession.com/?p=39586;https://www.cigarsense.com/?p=31565
Partagas,Serie D No. 6,pepper;tobacco;spice;toast;leather;earth;coffee,full,https://www.cubancigarwebsite.com/cigar/partagas/serie-d-no6;https://robertgraham1874.com/?p=7233
Partagas,Serie E No. 2,spice;pepper;leather;coffee;earth;woody;cocoa,medium-full,https://www.cubancigarwebsite.com/cigar/partagas/serie-e-no2;https://www.cigarslover.com/partagas-serie-e-no-2/;https://www.cigarslover.com/4-cuba-partagas-serie-e-no-2/
Partagas,Serie P No. 2,coffee;bread;cocoa;earth;cedar;cream;spice,medium-full,https://www.cubancigarwebsite.com/cigar/partagas/serie-p-no2;https://cigarobsession.com/?p=39239;https://robertgraham1874.com/?p=7211;https://cigarsunlimited.co.uk/product/partagas-serie-p-2-single-2
Partagas,Lusitanias,leather;bread;coffee;spice;nuts;honey;cedar,full,https://www.cubancigarwebsite.com/cigar/partagas/lusitanias;https://www.cigarinspector.com/?p=123
Partagas,8-9-8,leather;earth;woody;spice;pepper;cocoa;butter,medium-full,https://www.cigarinspector.com/ci/partagas-8-9-8/;https://www.cigarslover.com/2-cuba-partagas-8-9-8/
Partagas,Shorts,leather;bread;coffee;spice;earth;pepper;woody,medium-full,https://www.cubancigarwebsite.com/cigar/partagas/shorts;https://www.cigarinspector.com/?p=1063
Partagas,Mille Fleurs,leather;pepper;spice;woody;earth;nuts;coffee,medium,https://www.cubancigarwebsite.com/cigar/partagas/mille-fleurs;https://bespokeunit.com/articles/cigars/partagas-mille-fleurs/;https://www.cigarslover.com/en/partagas-mille-fleurs/
Partagas,Maduro No. 1,cocoa;cherry;bread;coffee;leather;spice;pepper,medium-full,https://www.cubancigarwebsite.com/cigar/partagas/maduro-no-1;https://www.cigarslover.com/partagas-maduro-1-2/;https://cigarsunlimited.co.uk/product/partagas-maduro-no-1-box-of-25
Partagas,Coronas Junior,~spice;pepper;earth;leather;woody;coffee,medium-full,https://www.cigarsense.com/?p=31379;https://www.cgarsltd.co.uk/partagas-coronas-cigars-p-516.html?page=2
Partagas,Culebras,~earth;spice;pepper;leather;woody;toast,full,https://www.cgarsltd.co.uk/lcdh-partagas-culebras-cigars-one-twist-cigars-p-15599.html;https://www.cubancigarwebsite.com/cigar/partagas/culebras
Hoyo de Monterrey,Epicure No. 1,cream;cocoa;cedar;vanilla;woody;dried_fruit;spice,medium,https://www.cubancigarwebsite.com/cigar/hoyo-de-monterrey/epicure-no1;https://cigar-coop.com/2020/11/cigar-review-hoyo-de-monterrey-epicure-seleccion-no-1.html
Hoyo de Monterrey,Epicure No. 2,cream;cedar;cocoa;vanilla;spice;honey;cinnamon,medium,https://www.cubancigarwebsite.com/cigar/hoyo-de-monterrey/epicure-no2;https://cigarobsession.com/2020/10/15/cuban-hoyo-de-monterrey-epicure-no-2-cigar-review/;https://robertgraham1874.com/an-epicures-delight/
Hoyo de Monterrey,Epicure Especial,cedar;cocoa;cream;vanilla;grass;spice;honey,mild-medium,https://www.cubancigarwebsite.com/cigar/hoyo-de-monterrey/epicure-especial;https://www.simplycigars.co.uk/hoyo-monterrey-epicure-especial-single-cigar-p-2785.html
Hoyo de Monterrey,Petit Robustos,cedar;toast;spice;pepper;cocoa;almond;coffee,medium,https://www.cubancigarwebsite.com/cigar/hoyo-de-monterrey/petit-robustos;https://www.cigarinspector.com/?p=16829;https://www.cigarslover.com/4-cuba-hoyo-de-monterrey-petit-robusto/
Hoyo de Monterrey,Le Hoyo de San Juan,cedar;cream;tea;vanilla;earth;spice;cinnamon,medium,https://www.cubancigarwebsite.com/cigar/hoyo-de-monterrey/le-hoyo-de-san-juan;https://cigarobsession.com/2021/04/09/cuban-hoyo-de-monterrey-le-hoyo-de-san-juan-cigar-review/;https://robertgraham1874.com/product/hoyo-de-monterrey-le-hoyo-de-san-juan-single-cigar/
Hoyo de Monterrey,Le Hoyo de Rio Seco,cream;spice;cedar;clove;cinnamon;earth;oak,medium,https://www.cubancigarwebsite.com/cigar/hoyo-de-monterrey/le-hoyo-de-rio-seco;https://robertgraham1874.com/product/hoyo-de-monterrey-le-hoyo-de-rio-seco-single-cigar/;https://www.cigarsense.com/?p=30429
Hoyo de Monterrey,Double Coronas,cream;vanilla;cocoa;cedar;clove;floral;caramel,mild-medium,https://www.cubancigarwebsite.com/cigar/hoyo-de-monterrey/double-coronas;https://www.cgarsltd.co.uk/hoyo-monterrey-double-coronas-cigar-cabinet-p-201.html?page=2;https://www.cigarsense.com/?p=31373
H. Upmann,Magnum 46,bread;coffee;cedar;cream;leather;nuts;cocoa,mild-medium,https://www.cubancigarwebsite.com/cigar/h-upmann/magnum-46;https://robertgraham1874.com/product/h-upmann-magnum-46-cigar-1-single/
H. Upmann,Magnum 50,cream;woody;honey;leather;coffee;caramel;toast,medium,https://www.cubancigarwebsite.com/cigar/h-upmann/magnum-50;https://farehamwinecellar.co.uk/?p=76553;https://www.cgarsltd.co.uk/upmann-magnum-cigar-cab-p-5720.html?page=2
H. Upmann,Magnum 54,nuts;pepper;coffee;cocoa;toast;spice;cinnamon,medium,https://www.cubancigarwebsite.com/cigar/h-upmann/magnum-54;https://bespokeunit.com/articles/cigars/h-upmann-magnum-54/;https://cigarobsession.com/?p=40489
H. Upmann,Half Corona,tobacco;bread;coffee;toast;leather;cream;cedar,mild-medium,https://www.cubancigarwebsite.com/cigar/h-upmann/half-corona;https://www.boozemakers.com/articles/h-upmann-half-corona-review
H. Upmann,Connoisseur No. 1,cream;coffee;almond;cedar;woody;sweet;honey,mild-medium,https://www.cigarinspector.com/?p=17851;https://robertgraham1874.com/product/h-upmann-connoisseur-no-1-cigar/
H. Upmann,Connoisseur A,~leather;cedar;spice;cream;sweet;tobacco,mild-medium,https://robertgraham1874.com/?p=7984;https://www.cigarsense.com/?p=31270
H. Upmann,Connoisseur B,~woody;pepper;nuts;toast;spice;cream,medium,https://www.cigarslover.com/en/h-upmann-connossieur-b-2/
H. Upmann,Sir Winston,bread;coffee;cream;nuts;cedar;honey;leather,medium,https://www.cubancigarwebsite.com/cigar/h-upmann/sir-winston;https://www.cigarslover.com/h-upmann-sir-winston/
H. Upmann,Royal Robusto,toast;spice;cinnamon;dried_fruit;honey;woody;leather,medium-full,https://www.cigarinspector.com/?p=11158;https://www.cigarsense.com/?p=32115
Bolivar,Belicosos Finos,leather;earth;cocoa;spice;cedar;cream;woody,full,https://www.cubancigarwebsite.com/cigar/bolivar/belicosos-finos;https://grapeexpectations.com.mv/product/belicosos-finos/;https://www.cigarsense.com/?p=30382
Bolivar,Royal Coronas,earth;leather;cocoa;cedar;spice;pepper;cream,medium-full,https://www.cubancigarwebsite.com/cigar/bolivar/royal-coronas;https://cigarobsession.com/2020/09/24/cuban-bolivar-royal-coronas-cigar-review/;https://farehamwinecellar.co.uk/?p=44507
Bolivar,Petit Coronas,earth;leather;cocoa;woody;hay;honey;dried_fruit,medium,https://www.cubancigarwebsite.com/cigar/bolivar/petit-coronas;https://cigarobsession.com/?p=40009
Bolivar,Coronas Junior,earth;leather;cocoa;cedar;coffee;nuts;woody,medium-full,https://www.cubancigarwebsite.com/cigar/bolivar/coronas-junior;https://www.cigarinspector.com/?p=17992
Bolivar,Libertador,dried_fruit;cedar;leather;citrus;cinnamon;earth;cream,medium-full,https://blindmanspuff.com/blind-cigar-review-bolivar-cuba-libertador/;https://www.cgarsltd.co.uk/lcdh-bolivar-libertador-cigar-box-p-15611.html
Trinidad,Reyes,coffee;honey;spice;grass;bread;cocoa;almond,medium,https://www.cubancigarwebsite.com/cigar/trinidad/reyes;https://cigarobsession.com/?p=37591;https://robertgraham1874.com/?p=7120
Trinidad,Fundadores,coffee;bread;almond;woody;nuts;earth;floral,mild-medium,https://www.cubancigarwebsite.com/cigar/trinidad/fundadores;https://thecigarauthority.com/trinidad-cuba-lancero-cigar-review/
Trinidad,Vigia,butter;coffee;spice;nuts;earth;oak;hay,medium,https://www.cubancigarwebsite.com/cigar/trinidad/vigia;https://robertgraham1874.com/product/trinidad-vigia-single-cigar
Trinidad,Coloniales,spice;butter;coffee;bread;cream;honey;nuts,medium,https://www.cubancigarwebsite.com/cigar/trinidad/coloniales;https://www.cigarinspector.com/?p=14390
Trinidad,La Trova,earth;coffee;nuts;cream;cedar;leather;cocoa,medium,https://www.cigarslover.com/trinidad-la-trova/;https://quillandpad.com/2018/12/03/trinidad-la-trova-cuban-cigars-exceptional-in-every-way/
Trinidad,Media Luna,coffee;earth;nuts;butter;woody;leather;bread,medium,https://www.cubancigarwebsite.com/cigar/trinidad/media-luna;https://therake.com/default/stories/cigar-of-the-week-media-luna;https://mitchellswine.co.uk/?p=942
Trinidad,Esmeralda,coffee;butter;woody;earth;bread;floral;cocoa,medium,https://www.cubancigarwebsite.com/cigar/trinidad/esmeralda;https://cigarobsession.com/?p=43434;https://robertgraham1874.com/product/trinidad-esmeralda-cigar/
Punch,Punch Punch,leather;cedar;cream;spice;citrus;woody;honey,medium,https://www.cubancigarwebsite.com/cigar/punch/punch-punch;https://www.cigarinspector.com/ci/cigar-review-punch-punch-cuban/;https://blindmanspuff.com/blind-cigar-review-punch-punch-punch/
Punch,Short de Punch,cedar;leather;cream;nuts;honey;spice;coffee,medium,https://www.cubancigarwebsite.com/cigar/punch/short-de-punch;https://www.cigarslover.com/en/punch-short-de-punch-2/;https://farehamwinecellar.co.uk/product/punch-short-de-punch-cigar/
Punch,Double Coronas,leather;cedar;dried_fruit;cream;woody;earth;citrus,medium,https://www.cubancigarwebsite.com/cigar/punch/double-coronas;https://www.cgarsltd.co.uk/punch-double-coronas-cigar-single-p-51038.html
Punch,Coronations,nuts;cedar;spice;coffee;cream;dried_fruit;woody,medium,https://robertgraham1874.com/product/punch-coronations-tubed-cigar-1-single/;https://www.cgarsltd.co.uk/punch-coronations-tubed-cigar-single-p-4000.html?page=6
Punch,Petit Coronations,woody;spice;nuts;cinnamon;coffee;pepper;mineral,medium,https://www.cgarsltd.co.uk/punch-petit-coronations-tubed-cigar-single-p-4625.html?page=2;https://www.smoke-king.co.uk/punch-petit-coronations-tubed-cuban-cigar-single;https://www.cigarsense.com/?p=31568
Ramon Allones,Specially Selected,earth;nuts;pepper;coffee;leather;cedar;cocoa,medium-full,https://www.cigarslover.com/ramon-allones-specially-selected/;https://www.cigarinspector.com/?p=17442;https://www.cgarsltd.co.uk/ramon-allones-specially-selected-cigar-box-p-319.html?page=5
Ramon Allones,Small Club Coronas,cocoa;woody;dried_fruit;leather;earth;nuts;spice,medium,https://www.cubancigarwebsite.com/cigar/ramon-allones/small-club-coronas;https://cigarobsession.com/2021/02/06/cuban-ramon-allones-small-club-corona-cigar-review/
Ramon Allones,Gigantes,nuts;woody;leather;earth;pepper;spice;cocoa,medium-full,https://www.cigarslover.com/2-cuba-ramon-allones-gigantes/;https://www.cigarslover.com/en/ramon-allones-gigantes/;https://www.cgarsltd.co.uk/ramon-allones-gigantes-cigar-single-p-4018.html
Quai d'Orsay,No. 50,cedar;cream;bread;almond;white_pepper;citrus;leather,mild,https://puninwine.com/products/quai-d-orsay-no-50;https://cigarsunlimited.co.uk/product/quai-dorsay-no-50-box-of-10
Quai d'Orsay,No. 54,cedar;vanilla;nuts;cream;floral;dried_fruit;toast,mild,https://www.cigarslover.com/?p=25945;https://www.cgarsltd.co.uk/quai-orsay-cigar-box-p-34099.html?page=2;https://robertgraham1874.com/product/quai-dorsay-no-54-single/
Quai d'Orsay,Coronas Claro,woody;white_pepper;cocoa;mineral;earth;cream,mild-medium,https://www.cigarslover.com/quai-dorsay-coronas-claro-2/;https://robertgraham1874.com/?p=7191
Quai d'Orsay,Senadores,woody;white_pepper;nuts;honey;sweet;spice,mild-medium,https://www.cigarslover.com/quai-dorsay-senadores-edicion-limitada-2019-2/;https://www.zigarren.zone/en/wp-json/wp/v2/posts/43108;https://www.cigarsense.com/?p=32124
Vegas Robaina,Famosos,spice;grass;tobacco;dried_fruit;leather;cocoa;floral,medium-full,https://www.cubancigarwebsite.com/cigar/vegas-robaina/famosos;https://watchcollectinglifestyle.com/home/vegas-robaina-famosos-cigar-review;https://www.cigarsense.com/?p=29742
Vegas Robaina,Unicos,leather;earth;mineral;cream;spice;coffee;pepper,medium,https://www.cigarinspector.com/ci/cigar-review-vegas-robaina-unicos/;https://cigarsunlimited.co.uk/product/vegas-robaina-unicos-single-cigar
Juan Lopez,Seleccion No. 2,coffee;citrus;toast;tobacco;cocoa;cedar;earth,medium-full,https://www.cubancigarwebsite.com/cigar/juan-lopez/seleccion-no2;https://www.cigarinspector.com/?p=16135;https://cigarobsession.com/2013/10/05/juan-lopez-seleccion-no-2-cigar-review/
San Cristobal de la Habana,El Principe,molasses;cocoa;coffee;spice;cream;honey;woody,medium,https://www.cubancigarwebsite.com/cigar/san-cristobal/el-principe;https://www.cigarinspector.com/?p=10697;https://halfashed.com/cigar/san-cristobal-de-la-habana-el-principe/
San Cristobal de la Habana,La Fuerza,earth;toast;pepper;leather;dried_fruit;cocoa;molasses,medium,https://www.cigarinspector.com/?p=4683;https://www.cigarslover.com/en/?p=59800
Por Larranaga,Petit Coronas,caramel;honey;coffee;woody;toast;cream;cedar,mild-medium,https://www.cubancigarwebsite.com/cigar/por-larranaga/petit-coronas;https://cigarinspector.com/ci/por-larranaga-petit-corona-2/;https://www.cgarsltd.co.uk/por-larranaga-petit-coronas-cigar-single-p-5108.html?page=4
Por Larranaga,Picadores,honey;nuts;woody;almond;floral;citrus;cream,mild-medium,https://www.cigarinspector.com/?p=17789;https://www.cigarslover.com/por-larranaga-picadores-3/
El Rey del Mundo,Choix Supreme,citrus;almond;nuts;bread;floral;honey;woody,mild-medium,https://www.cubancigarwebsite.com/cigar/el-rey-del-mundo/choix-supreme;https://www.cigarinspector.com/?p=17682;https://www.cgarsltd.co.uk/rey-del-mundo-choix-supreme-cigar-single-p-442.html?page=4
El Rey del Mundo,Demi Tasse,citrus;bread;honey;dried_fruit;floral;toast;mineral,mild,https://www.cubancigarwebsite.com/cigar/el-rey-del-mundo/demi-tasse;https://www.cgarsltd.co.uk/rey-del-mundo-demi-tasse-cigar-box-p-5019.html?page=4;https://www.jjfox.co.uk/el-rey-del-mundo-demi-tasse-658.html
Fonseca,Cosacos,woody;nuts;hay;oak;leather;citrus,mild,https://www.cgarsltd.co.uk/fonseca-cosacos-cigar-single-p-455.html?page=2;https://www.cigarslover.com/en/?p=45691;https://cigarsunlimited.co.uk/product/fonseca-cosacos-single
Rafael Gonzalez,Petit Coronas,~nuts;leather;hay;floral;woody;butter,mild,https://www.cgarsltd.co.uk/rafael-gonzalez-petit-coronas-cigar-single-p-4015.html?page=2
Rafael Gonzalez,Perlas,woody;spice;coffee;cream;nuts;sweet;dark_chocolate,mild,https://www.cigarinspector.com/ci/cigar-review-rafael-gonzales-perla/;https://www.cgarsltd.co.uk/rafael-gonzalez-perlas-cigar-single-p-12896.html?page=4
Sancho Panza,Belicosos,oak;woody;nuts;earth;bread;spice;pepper,medium,https://cigarobsession.com/?p=39716;https://www.cigarslover.com/sancho-panza-belicoso-2/
La Gloria Cubana,Medaille d'Or No. 4,coffee;cedar;cream;almond;leather;sweet;woody,medium,https://farehamwinecellar.co.uk/?p=1009760;https://robertgraham1874.com/?p=15171
Cuaba,Divinos,woody;dried_fruit;sweet;nuts;grass,medium-full,https://www.cigarinspector.com/?p=17746;https://robertgraham1874.com/product/cuaba-divinos-cigar-1-single/;https://www.cigarsunlimited.co.uk/reviewcategories/small-cigars/
Cuaba,Salomon,bread;leather;citrus;cream;nuts;cocoa;tea,medium-full,https://www.cubancigarwebsite.com/cigar/cuaba/salomon;https://robertgraham1874.com/?p=7577;https://www.cgarsltd.co.uk/cuaba-salomones-cigar-single-p-440.html
Diplomaticos,No. 2,nuts;caramel;pepper;cinnamon;oak;cocoa;mineral,medium,https://blindmanspuff.com/diplomaticos-no-2-blind-cigar-review/;https://www.cigarsense.com/?p=31510
Vegueros,Tapados,tobacco;nuts;dried_fruit;woody;pepper;spice;leather,medium-full,https://www.cubancigarwebsite.com/cigar/vegueros/tapados;https://cigarobsession.com/?p=39542
Vegueros,Entretiempos,earth;grass;pepper;cream;nuts;cocoa,medium-full,https://thecigarauthority.com/vegueros-cigar-review;https://robertgraham1874.com/?p=9125
Vegueros,Centrofinos,~earth;grass;pepper;cream;woody,medium-full,https://robertgraham1874.com/product/vegueros-centrofinos-single-cigar;https://www.cgarsltd.co.uk/vegueros-centrofinos-cigar-single-p-36809.html
Jose L. Piedra,Cazadores,woody;coffee;cream;grass;almond;leather;mineral,medium,https://robertgraham1874.com/product/jose-l-piedra-cazadores-cigar-1-single/;https://www.cgarsltd.co.uk/jose-piedra-cazadores-cigar-single-p-487.html?page=3
Jose L. Piedra,Petit Cazadores,nuts;cream;cedar;woody;earth,medium,https://www.cigarinspector.com/?p=17809;https://www.cgarsltd.co.uk/jose-piedra-petit-cazadores-cigar-pack-p-5814.html?page=2
