brand,line,flags,sources,source_url
5 Vegas,Cask Strength II,bundle,cigarplace,https://www.cigarplace.biz/all-brands/5-vegas-cigars/5-vegas-cask-strength-ii.html
5 Vegas,Classic,bundle,cigarplace,https://www.cigarplace.biz/all-brands/5-vegas-cigars/5-vegas-classic.html
5 Vegas,Gold,bundle,cigarplace,https://www.cigarplace.biz/all-brands/5-vegas-cigars/5-vegas-gold.html
5 Vegas,Gold Maduro,bundle,cigarplace,https://www.cigarplace.biz/all-brands/5-vegas-cigars/5-vegas-gold-maduro.html
5 Vegas,Series A,bundle,cigarplace,https://www.cigarplace.biz/all-brands/5-vegas-cigars/5-vegas-series-a.html
5 Vegas,Triple A,bundle,cigarplace,https://www.cigarplace.biz/all-brands/5-vegas-cigars/5-vegas-triple-a-180.html
Alec Bradley,2nds,seconds,cigarplace,https://www.cigarplace.biz/all-brands/alec-bradley/alec-bradley-2nds.html
Alec Bradley,It's a Boy/Girl,gift,cigarplace,https://www.cigarplace.biz/all-brands/alec-bradley/alec-bradley-it-s-a-boy-girl.html
Antonio y Cleopatra,Grenadiers,machine_made,cigarpage,https://www.cigarpage.com/antonio-y-cleopatra-grenadiers.html
Avanti,Anisette Cordial,"infused,machine_made",cigarpage,https://www.cigarpage.com/avanti-anisette-cordial.html
Avanti,Bourbon,"infused,machine_made",cigarpage,https://www.cigarpage.com/avanti-bourbon.html
Avanti,Vanilla,"infused,machine_made",cigarpage,https://www.cigarpage.com/avanti-vanilla.html
Backwoods,(브랜드 단일),machine_made,cigarpage,https://www.cigarpage.com/backwoods-cigars.html
Bandidos Cigarillos,(브랜드 단일),"cigarillo,machine_made",cigarplace,https://www.cigarplace.biz/all-brands/bandidos-cigarillos.html
Big and Beefy,(브랜드 단일),bundle,cigarplace,https://www.cigarplace.biz/all-brands/big-and-beefy.html
Big House,(브랜드 단일),bundle,cigarpage,https://www.cigarpage.com/big-house.html
Black & Mild,(브랜드 단일),machine_made,cigarpage,https://www.cigarpage.com/black-mild.html
Blackstone,(브랜드 단일),machine_made,cigarpage,https://www.cigarpage.com/blackstone.html
Boveda,(브랜드 단일),accessory,cigarplace,https://www.cigarplace.biz/all-brands/boveda.html
Brick House,Fumas,bundle,cigarplace,https://www.cigarplace.biz/all-brands/brick-house/brick-house-fumas.html
Buena Vista,Skinnies,"cigarillo,machine_made",cigarpage,https://www.cigarpage.com/buena-vista-skinnies.html
Bush League All-Stars Samplers,(브랜드 단일),"bundle,sampler",cigarpage,https://www.cigarpage.com/bush-league-all-stars-samplers.html
Camacho,Cigarillos Minis,"cigarillo,machine_made",cigarplace,https://www.cigarplace.biz/all-brands/camacho-cigars/camacho-cigarillos-minis.html
CAO,Surplus,bundle,cigarpage,https://www.cigarpage.com/surplus-by-cao.html
Casa de Garcia,Connecticut,bundle,cigarplace,https://www.cigarplace.biz/all-brands/casa-de-garcia-cigars/casa-de-garcia-connecticut.html
Casa de Garcia,Maduro,bundle,cigarplace,https://www.cigarplace.biz/all-brands/casa-de-garcia-cigars/casa-de-garcia-maduro.html
Casa de Garcia,Nicaraguan,bundle,cigarplace,https://www.cigarplace.biz/all-brands/casa-de-garcia-cigars/casa-de-garcia-ncaraguan.html
Casa de Garcia,Sumatra,bundle,cigarpage+cigarplace,https://www.cigarplace.biz/all-brands/casa-de-garcia-cigars/casa-de-garcia-sumatra.html
Chillin Moose,Bull Moose,bundle,cigarpage+cigarplace,https://www.cigarplace.biz/all-brands/chillin-moose-cigars/chillin-moose-bull-moose.html
Chillin Moose,Bull Moose Maduro,bundle,cigarpage+cigarplace,https://www.cigarplace.biz/all-brands/chillin-moose-cigars/chillin-moose-bull-moose-maduro.html
Chillin Moose,Shady Moose,bundle,cigarpage+cigarplace,https://www.cigarplace.biz/all-brands/chillin-moose-cigars/chillin-moose-shady-moose.html
Chillin' Moose,Too,bundle,cigarpage,https://www.cigarpage.com/chillin-moose-too.html
Class 34,Blend No. 01 Connecticut,bundle,cigarpage,https://www.cigarpage.com/class-34-connecticut-shade-blend-no-1.html
Class 34,Blend No. 06 Nicaraguan 4x60,bundle,cigarpage,https://www.cigarpage.com/class-34-nicaraguan-4x60-blend-no-6.html
Class 34,Blend No. 09 Maduro,bundle,cigarpage,https://www.cigarpage.com/class-34-maduro-blend-no-9.html
Class 34,Blend No. 26 Sumatra,bundle,cigarpage,https://www.cigarpage.com/class-34-sumatra-blend-no-26.html
Class 34,Blend No. 30 Habano,bundle,cigarpage,https://www.cigarpage.com/class-34-hab-blend-no-30.html
Class 34,Blend No. 35 Box-Pressed Connecticut,bundle,cigarpage,https://www.cigarpage.com/class-34-box-pressed-connecticut-blend-no-35.html
Class 34,Blend No. 36 Habano,bundle,cigarpage,https://www.cigarpage.com/class-34-habano-blend-no-36.html
Class 34,Blend No. 37 Connecticut,bundle,cigarpage,https://www.cigarpage.com/class-34-connecticut-blend-no-37.html
Class 34,Blend No. 38 Maduro,bundle,cigarpage,https://www.cigarpage.com/class-34-maduro-blend-no-38.html
Class 34,Blend No. 41 Box-Pressed Maduro,bundle,cigarpage,https://www.cigarpage.com/class-34-box-pressed-maduro-blend-no-41.html
Class 34,Blend No. 47 Maduro,bundle,cigarpage,https://www.cigarpage.com/class-34-maduro-blend-no-47.html
Class 34,Blend No. 55 Box-Pressed Maduro,bundle,cigarpage,https://www.cigarpage.com/class-34-bp-maduro-blend-no-55.html
Class 34,Blend No. 63 Box-Pressed Habano,bundle,cigarpage,https://www.cigarpage.com/class-34-bp-hab-blend-no-63.html
Consuegra,(브랜드 단일),bundle,cigarplace,https://www.cigarplace.biz/all-brands/consuegra.html
Cuban Rejects,(브랜드 단일),"bundle,seconds",cigarplace,https://www.cigarplace.biz/all-brands/cuban-rejects.html
Dark Shark,(브랜드 단일),bundle,cigarplace,https://www.cigarplace.biz/all-brands/dark-shark.html
Davidoff,Cigarillos,"cigarillo,machine_made",cigarplace,https://www.cigarplace.biz/all-brands/davidoff-cigars/davidoff-cigarillos.html
De Nobili,Economy,machine_made,cigarpage,https://www.cigarpage.com/de-nobili-economy.html
Djarum,(브랜드 단일),"infused,machine_made",cigarplace,https://www.cigarplace.biz/all-brands/djarum.html
Dominican Overruns,Cameroon,"bundle,seconds",cigarpage,https://www.cigarpage.com/dominican-overruns-cameroon.html
Dominican Overruns,Connecticut,"bundle,seconds",cigarpage,https://www.cigarpage.com/connecticut-shade-dominican-overruns.html
Dominican Overruns,Habano,"bundle,seconds",cigarpage,https://www.cigarpage.com/dominican-overruns-natural.html
Dominican Overruns,Maduro,"bundle,seconds",cigarpage,https://www.cigarpage.com/double-maduro-dominicans.html
Dominican Overruns,Sweet,"bundle,infused,seconds",cigarpage,https://www.cigarpage.com/dominican-overruns-sweet.html
Don Rafael,(브랜드 단일),bundle,cigarplace,https://www.cigarplace.biz/all-brands/don-rafael.html
Double Nicaraguans,Connecticut,"bundle,seconds",cigarpage,https://www.cigarpage.com/double-connecticut-nicaraguans.html
Double Nicaraguans,Maduro,"bundle,seconds",cigarpage,https://www.cigarpage.com/double-maduro-nicaraguans.html
Drew Estate,Factory Smokes Connecticut Shade,bundle,cigarpage,https://www.cigarpage.com/drew-estate-factory-smokes-connecticut-shade.html
Drew Estate,Factory Smokes Maduro,bundle,cigarpage,https://www.cigarpage.com/drew-estate-factory-smokes-maduro.html
Drew Estate,Factory Smokes Sun Grown,bundle,cigarpage,https://www.cigarpage.com/drew-estate-factory-smokes-sun-grown.html
Drew Estate,Factory Smokes Sweet,"bundle,infused",cigarpage,https://www.cigarpage.com/drew-estate-factory-smokes-sweet.html
Dutch Masters,Dutch Cigarillos,"cigarillo,machine_made",cigarpage,https://www.cigarpage.com/dutch-by-dutch-masters-cigarillos.html
E.P. Carrillo,Overruns Maduro,"bundle,seconds",cigarpage,https://www.cigarpage.com/ep-carrillo-overruns-maduro.html
E.P. Carrillo,Overruns Natural,"bundle,seconds",cigarpage,https://www.cigarpage.com/ep-carrillo-overruns-natural.html
Esteli Factory 2nds,(브랜드 단일),"bundle,seconds",cigarpage,https://www.cigarpage.com/esteli-factory-2nds.html
Estilo Cubano,(브랜드 단일),bundle,cigarplace,https://www.cigarplace.biz/all-brands/estilo-cubano.html
Factory Direct,Reserva Habano,bundle,cigarpage,https://www.cigarpage.com/factory-direct-reserva-habano.html
Factory Direct,San Andres Oscuro,bundle,cigarpage,https://www.cigarpage.com/factory-direct-san-andres-oscuro.html
Factory Smokes Maduro by Drew Estate,(브랜드 단일),bundle,cigarplace,https://www.cigarplace.biz/all-brands/factory-smokes-maduro-by-drew-estate.html
Factory Smokes Shade by Drew Estate,(브랜드 단일),bundle,cigarplace,https://www.cigarplace.biz/all-brands/factory-smokes-shade-by-drew-estate.html
Factory Smokes Sun Grown by Drew Estate,(브랜드 단일),bundle,cigarplace,https://www.cigarplace.biz/all-brands/factory-smokes-sun-grown-by-drew-estate.html
Factory Smokes Sweets by Drew Estate,(브랜드 단일),"bundle,infused",cigarplace,https://www.cigarplace.biz/all-brands/factory-smokes-sweets-by-drew-estate.html
Factory Throwouts,Natural,"bundle,seconds",cigarpage,https://www.cigarpage.com/factory-throwouts-natural.html
Factory Throwouts,Sweet,"bundle,infused,seconds",cigarpage,https://www.cigarpage.com/factory-throwouts-sweet.html
Factory Throwouts Natural,(브랜드 단일),"bundle,seconds",cigarplace,https://www.cigarplace.biz/all-brands/factory-throwouts-natural.html
Flor de Oliva,Corojo,bundle,cigarpage+cigarplace,https://www.cigarplace.biz/all-brands/flor-de-oliva-cigars/flor-de-oliva-corojo.html
Flor de Oliva,Gigante,bundle,cigarpage,https://www.cigarpage.com/cigars/flor-de-oliva-gigante.html
Flor de Oliva,Gold,bundle,cigarpage+cigarplace,https://www.cigarplace.biz/all-brands/flor-de-oliva-cigars/flor-de-oliva-gold.html
Flor de Oliva,Maduro,bundle,cigarpage+cigarplace,https://www.cigarplace.biz/all-brands/flor-de-oliva-cigars/flor-de-oliva-maduro.html
Flor de Oliva,Original,bundle,cigarplace,https://www.cigarplace.biz/all-brands/flor-de-oliva-cigars/flor-de-oliva-original.html
Fugazi,Cigar of the Year Compare to Aging Room Quattro Nicaragua,bundle,cigarpage,https://www.cigarpage.com/fugazi-cigar-of-the-year-compare-to-aging-room-quattro-nicaragua.html
Fugazi,Cigar of the Year Compare to Cuban Cohiba Behike,bundle,cigarpage,https://www.cigarpage.com/fugazi-cigar-of-the-year-compare-to-cuban-cohiba-behike.html
Fugazi,Cigar of the Year Compare to Cuban H. Upmann No. 2,bundle,cigarpage,https://www.cigarpage.com/class-34-fugazi-coty-compare-to-cuban-h-upmann-no-2.html
Fugazi,Cigar of the Year Compare to Cuban Montecristo,bundle,cigarpage,https://www.cigarpage.com/fugazi-cigar-of-the-year-compare-to-cuban-montecristo.html
Fugazi,Cigar of the Year Compare to EP Carrillo Encore,bundle,cigarpage,https://www.cigarpage.com/fugazi-cigar-of-the-year-compare-to-ep-carrillo-encore.html
Fugazi,Cigar of the Year Compare to EP Carrillo Pledge,bundle,cigarpage,https://www.cigarpage.com/fugazi-cigar-of-the-year-compare-to-ep-carrillo-pledge.html
Fugazi,Cigar of the Year Compare to Fuente Don Carlos,bundle,cigarpage,https://www.cigarpage.com/fugazi-cigar-of-the-year-compare-to-fuente-don-carlos.html
Fugazi,Cigar of the Year Compare to Fuente Opus,bundle,cigarpage,https://www.cigarpage.com/fugazi-cigar-of-the-year-compare-to-fuente-opus.html
Fugazi,Cigar of the Year Compare to My Father Le Bijou,bundle,cigarpage,https://www.cigarpage.com/class-34-fugazi-coty-compare-to-my-father-le-bijou-toro.html
Fugazi,Cigar of the Year Compare to Padron 1964,bundle,cigarpage,https://www.cigarpage.com/fugazi-cigar-of-the-year-compare-to-padron-1964.html
Fugazi,Compare to AJ Fernandez New World,bundle,cigarpage,https://www.cigarpage.com/class-34-fugazi-compare-to-aj-fernandez-new-world.html
Fugazi,Compare to Cuban Cohiba,bundle,cigarpage,https://www.cigarpage.com/class-34-fugazi-compare-to-cuban-cohiba.html
Fugazi,Compare to Davidoff White Label Aniversario,bundle,cigarpage,https://www.cigarpage.com/class-34-fugazi-compare-to-davidoff-white-label-aniversario.html
Fugazi,Compare to Dunbarton Sobremesa Brulee Blue,bundle,cigarpage,https://www.cigarpage.com/fugazi-compare-to-dunbarton-sobremesa-brulee.html
Fugazi,Compare to EP Carrillo La Historia,bundle,cigarpage,https://www.cigarpage.com/class-34-fugazi-compare-to-ep-carrillo-la-historia.html
Fugazi,Compare to Foundation Olmec Maduro,bundle,cigarpage,https://www.cigarpage.com/fugazi-compare-to-foundation-olmec.html
Fugazi,Compare to Fuente Anejo,bundle,cigarpage,https://www.cigarpage.com/class-34-fugazi-compare-to-fuente-anejo.html
Fugazi,Compare to Fuente Hemingway,bundle,cigarpage,https://www.cigarpage.com/fugazi-compare-to-fuente-hemingway.html
Fugazi,Compare to H. Upmann 175th,bundle,cigarpage,https://www.cigarpage.com/class-34-fugazi-compare-to-h-upmann-175th.html
Fugazi,Compare to Liga Privada No. 9,bundle,cigarpage,https://www.cigarpage.com/class-34-fugazi-compare-to-lp9-corona.html
Fugazi,Compare to Macanudo,bundle,cigarpage,https://www.cigarpage.com/class-34-fugazi-compare-to-macanudo.html
Fugazi,Compare to Montecristo 1935 Anniversary,bundle,cigarpage,https://www.cigarpage.com/class-34-fugazi-compare-to-monte-1935-anniversary.html
Fugazi,Compare to Oliva Serie V,bundle,cigarpage,https://www.cigarpage.com/class-34-fugazi-compare-to-oliva-serie-v.html
Fugazi,Compare to Tatuaje Miami,bundle,cigarpage,https://www.cigarpage.com/class-34-fugazi-compare-to-tatuaje-miami.html
Game,Cigarillos,"cigarillo,machine_made",cigarpage,https://www.cigarpage.com/game-by-garcia-y-vega-cigarillos.html
Garcia y Vega,(브랜드 단일),machine_made,cigarpage,https://www.cigarpage.com/garcia-y-vega.html
GR Specials Black Label,(브랜드 단일),bundle,cigarplace,https://www.cigarplace.biz/all-brands/gr-specials-black-label.html
GR Specials Red Label,(브랜드 단일),bundle,cigarplace,https://www.cigarplace.biz/all-brands/gr-specials-red-label.html
Gran Habano,Factory Seconds,seconds,cigarplace,https://www.cigarplace.biz/all-brands/gran-habano-cigars/gran-habano-factory-seconds-1.html
Grande y Gordo,Nicaragua Connecticut,bundle,cigarpage,https://www.cigarpage.com/grande-y-gordo-nicaragua-connecticut.html
Grande y Gordo,Nicaragua Habano,bundle,cigarpage,https://www.cigarpage.com/grande-y-gordo-nicaragua-habano.html
Grande y Gordo,Nicaragua Maduro,bundle,cigarpage,https://www.cigarpage.com/grande-y-gordo-nicaragua-maduro.html
H. Upmann,Fumas,bundle,cigarplace,https://www.cigarplace.biz/all-brands/h-upmann-1/h-upmann-fumas.html
Harvester Connecticut,(브랜드 단일),bundle,cigarplace,https://www.cigarplace.biz/all-brands/harvester-connecticut.html
Havana Q,(브랜드 단일),bundle,cigarpage,https://www.cigarpage.com/havana-q-by-quorom.html
Hondurenos,Criollo,bundle,cigarpage,https://www.cigarpage.com/hondurenos-criollo.html
Hondurenos,Habano,bundle,cigarpage,https://www.cigarpage.com/hondurenos-habano.html
Hondurenos,Maduro,bundle,cigarpage,https://www.cigarpage.com/hondurenos-maduro.html
JFR,Connecticut,bundle,cigarplace,https://www.cigarplace.biz/all-brands/jfr-cigars/jfr-connecticut.html
JFR,Corojo,bundle,cigarplace,https://www.cigarplace.biz/all-brands/jfr-cigars/jfr-corojo.html
JFR,Lunatic,bundle,cigarplace,https://www.cigarplace.biz/all-brands/jfr-cigars/jfr-lunatic.html
JFR,Lunatic Habano,bundle,cigarpage+cigarplace,https://www.cigarplace.biz/all-brands/jfr-cigars/jfr-lunatic-habano.html
JFR,Lunatic Loco Maduro,bundle,cigarpage+cigarplace,https://www.cigarplace.biz/all-brands/jfr-cigars/jfr-lunatic-loco-maduro.html
JFR,Lunatic Torch,bundle,cigarplace,https://www.cigarplace.biz/all-brands/jfr-cigars/jfr-lunatic-torch.html
JFR,Maduro,bundle,cigarplace,https://www.cigarplace.biz/all-brands/jfr-cigars/jfr-maduro.html
JFR,XT,bundle,cigarplace,https://www.cigarplace.biz/all-brands/jfr-cigars/jfr-xt.html
Kentucky Cheroots,(브랜드 단일),"cigarillo,machine_made",cigarpage,https://www.cigarpage.com/kentucky-cheroots.html
King Edward,(브랜드 단일),machine_made,cigarplace,https://www.cigarplace.biz/all-brands/king-edward.html
Kristoff,It's a Boy/Girl,gift,cigarplace,https://www.cigarplace.biz/all-brands/kristoff-cigars/kristoff-it-s-a-boy-girl.html
La Finca,(브랜드 단일),bundle,cigarplace,https://www.cigarplace.biz/all-brands/la-finca.html
La Flor Dominicana,Seconds,seconds,cigarplace,https://www.cigarplace.biz/all-brands/la-flor-dominicana-cigars/la-flor-dominicana-seconds.html
La Gran Llave,(브랜드 단일),bundle,cigarplace,https://www.cigarplace.biz/all-brands/la-gran-llave.html
La Tradicion Cubana,(브랜드 단일),bundle,cigarplace,https://www.cigarplace.biz/all-brands/la-tradicion-cubana.html
La Vieja Habana,Brazilian Maduro,bundle,cigarplace,https://www.cigarplace.biz/all-brands/la-vieja-habana-cigars/la-vieja-habana-brazilian-maduro.html
La Vieja Habana,Connecticut,bundle,cigarplace,https://www.cigarplace.biz/all-brands/la-vieja-habana-cigars/la-vieja-habana-connecticut.html
La Vieja Habana,Cuban Corojo,bundle,cigarplace,https://www.cigarplace.biz/all-brands/la-vieja-habana-cigars/la-vieja-habana-cuban-corojo.html
Las Cabrillas Natural,(브랜드 단일),bundle,cigarplace,https://www.cigarplace.biz/all-brands/las-cabrillas-natural.html
Ministry of Cigars,(브랜드 단일),sampler,cigarpage,https://www.cigarpage.com/cigars/ministry-of-cigars.html
NACSA Overruns,Connecticut,"bundle,seconds",cigarpage,https://www.cigarpage.com/cigars/nacsa-overruns-connecticut.html
NACSA Overruns,Habano,"bundle,seconds",cigarpage,https://www.cigarpage.com/cigars/nacsa-overruns-habano.html
Nicaraguan Overruns,Barber Pole,"bundle,seconds",cigarpage,https://www.cigarpage.com/cigars/nicaraguan-overruns-barber-pole.html
Nicaraguan Overruns,Connecticut,"bundle,seconds",cigarpage,https://www.cigarpage.com/cigars/nicaraguan-overruns.html
Nicaraguan Overruns,Habano,"bundle,seconds",cigarpage,https://www.cigarpage.com/cigars/nicaraguan-overruns-habano-4j6x-c8.html
Nicaraguan Overruns,Maduro,"bundle,seconds",cigarpage,https://www.cigarpage.com/cigars/maduro-nicaraguan-overruns.html
Nick's Sticks by Perdomo,Nick's Sticks Connecticut,bundle,cigarplace,https://www.cigarplace.biz/all-brands/nicks-sticks-by-perdomo/nick-s-sticks-connecticut.html
Nick's Sticks by Perdomo,Nick's Sticks Maduro,bundle,cigarplace,https://www.cigarplace.biz/all-brands/nicks-sticks-by-perdomo/nick-s-sticks-maduro.html
Nick's Sticks by Perdomo,Nick's Sticks Sun Grown,bundle,cigarplace,https://www.cigarplace.biz/all-brands/nicks-sticks-by-perdomo/nick-s-sticks-sun-grown.html
Nub,Factory Seconds,seconds,cigarplace,https://www.cigarplace.biz/all-brands/nub-cigars/nub-factory-seconds.html
Nub,Nudes,bundle,cigarpage,https://www.cigarpage.com/cigars/nub-nudes.html
Oliva,2nds 2NUB,"bundle,seconds",cigarpage,https://www.cigarpage.com/cigars/oliva-2nds-2n.html
Oliva,2nds Cameroon 2CAM,"bundle,seconds",cigarpage,https://www.cigarpage.com/cigars/oliva-2nds-cameroon.html
Oliva,2nds Connecticut 2CONN,"bundle,seconds",cigarpage,https://www.cigarpage.com/cigars/oliva-2nds-connecticut.html
Oliva,2nds Habano 2HAB,"bundle,seconds",cigarpage,https://www.cigarpage.com/cigars/oliva-2nds-hab.html
Oliva,2nds Habano 2V,"bundle,seconds",cigarpage,https://www.cigarpage.com/cigars/oliva-2nds-habano-2v.html
Oliva,2nds Indonesia 2FDO,"bundle,seconds",cigarpage,https://www.cigarpage.com/cigars/oliva-2nds-indonesia-2fdo.html
Oliva,2nds Maduro 2MAD,"bundle,seconds",cigarpage,https://www.cigarpage.com/cigars/oliva-2nds-maduro.html
Oliva,2nds Maduro 2VM,"bundle,seconds",cigarpage,https://www.cigarpage.com/cigars/oliva-2nds-maduro-2vm.html
Oliva,96-Rated Rounds,bundle,cigarpage,https://www.cigarpage.com/cigars/oliva-rounds-96-rated.html
Oliva,Factory Seconds,seconds,cigarplace,https://www.cigarplace.biz/all-brands/oliva-cigars/oliva-factory-seconds.html
Omar Ortez Connecticut,(브랜드 단일),bundle,cigarplace,https://www.cigarplace.biz/all-brands/omar-ortez-connecticut.html
Omar Ortez Originals,(브랜드 단일),bundle,cigarplace,https://www.cigarplace.biz/all-brands/omar-ortez-originals.html
Oscar Valladares,2nds,"bundle,seconds",cigarpage,https://www.cigarpage.com/cigars/oscar-v-2nds.html
Padilla,Fumas,bundle,cigarplace,https://www.cigarplace.biz/all-brands/padilla-cigars/padilla-fumas.html
Padilla,Fumas Connecticut,bundle,cigarpage,https://www.cigarpage.com/cigars/padilla-fumas-connecticut.html
Padilla,Fumas Habano,bundle,cigarpage,https://www.cigarpage.com/cigars/padilla-fumas-habano.html
Padilla,Fumas Maduro,bundle,cigarpage,https://www.cigarpage.com/cigars/padilla-fumas-maduro.html
Palma Real,(브랜드 단일),bundle,cigarplace,https://www.cigarplace.biz/all-brands/palma-real.html
Parodi,(브랜드 단일),machine_made,cigarpage,https://www.cigarpage.com/cigars/parodi.html
Penn Standard,250th,bundle,cigarpage,https://www.cigarpage.com/cigars/penn-standard-250th.html
Penn Standard,Broadleaf,bundle,cigarpage,https://www.cigarpage.com/cigars/penn-standard.html
Penn Standard,Double Standard,bundle,cigarpage,https://www.cigarpage.com/cigars/penn-standard-double-standard-ks-pnd.html
Penn Standard,Edicion Limitada,bundle,cigarpage,https://www.cigarpage.com/cigars/penn-standard-edicion-limitada.html
Penn Standard,Gold Standard,bundle,cigarpage,https://www.cigarpage.com/cigars/penn-standard-gold.html
Penn Standard,LE Stars & Stripes Salamone,bundle,cigarpage,https://www.cigarpage.com/cigars/penn-standard-le-stars-stripes-salamone.html
Perdomo,Fresco,bundle,cigarplace,https://www.cigarplace.biz/all-brands/perdomo-cigars/perdomo-fresco.html
Perdomo,Mistakes,seconds,cigarplace,https://www.cigarplace.biz/all-brands/perdomo-cigars/perdomo-mistakes.html
Phillies,(브랜드 단일),machine_made,cigarpage,https://www.cigarpage.com/cigars/phillies.html
Phillies Blunt Chocolate,(브랜드 단일),"infused,machine_made",cigarplace,https://www.cigarplace.biz/all-brands/phillies-blunt-chocolate.html
Puros Indios,2nds Connecticut,"bundle,seconds",cigarpage,https://www.cigarpage.com/cigars/puros-indios-2nds-connecticut.html
Puros Indios,Connecticut,bundle,cigarpage,https://www.cigarpage.com/cigars/puros-indios-connecticut.html
Puros Indios,Habano,bundle,cigarpage,https://www.cigarpage.com/cigars/puros-indios-habano.html
Puros Indios,Maduro,bundle,cigarpage+cigarplace,https://www.cigarplace.biz/all-brands/puros-indios-cigars/puros-indios-maduro.html
Puros Indios,Natural,bundle,cigarplace,https://www.cigarplace.biz/all-brands/puros-indios-cigars/puros-indios-natural.html
Quorum,Classic,bundle,cigarpage,https://www.cigarpage.com/cigars/quorum-classic.html
Quorum,Havana Q,bundle,cigarplace,https://www.cigarplace.biz/all-brands/quorum-cigars/havana-q-by-quorum.html
Quorum,Maduro,bundle,cigarpage+cigarplace,https://www.cigarplace.biz/all-brands/quorum-cigars/quorum-maduro.html
Quorum,Shade,bundle,cigarpage+cigarplace,https://www.cigarplace.biz/all-brands/quorum-cigars/quorum-shade.html
Rocky Patel,1990 1992 2nds,seconds,cigarplace,https://www.cigarplace.biz/all-brands/rocky-patel-cigars/rocky-patel-1990-1992-2nds.html
Rocky Patel,It's a Boy/Girl,gift,cigarplace,https://www.cigarplace.biz/all-brands/rocky-patel-cigars/rocky-patel-it-s-a-boy-girl.html
Rocky Patel,Number 6 Fumas,bundle,cigarpage,https://www.cigarpage.com/cigars/rocky-patel-number-6-fumas.html
Rocky Patel,Royale Fumas,bundle,cigarplace,https://www.cigarplace.biz/all-brands/rocky-patel-cigars/rocky-patel-royale-fumas.html
Rocky Patel,The Edge 2nds Connecticut,"bundle,seconds",cigarpage,https://www.cigarpage.com/cigars/rocky-patel-edge-2nds-connecticut.html
Rocky Patel,The Edge 2nds Corojo,"bundle,seconds",cigarpage,https://www.cigarpage.com/cigars/rocky-patel-edge-2nds-corojo.html
Rocky Patel,The Edge 2nds Habano,"bundle,seconds",cigarpage,https://www.cigarpage.com/cigars/rocky-patel-edge-2nds-hab.html
Rocky Patel,The Edge 2nds Maduro,"bundle,seconds",cigarpage,https://www.cigarpage.com/cigars/rocky-patel-edge-2nds-maduro.html
Rocky Patel,The Edge 2nds Sumatra,"bundle,seconds",cigarpage,https://www.cigarpage.com/cigars/rocky-patel-edge-2nds.html
Rocky Patel,The Edge Fumas,bundle,cigarplace,https://www.cigarplace.biz/all-brands/rocky-patel-cigars/rocky-patel-the-edge-fumas.html
Roly,(브랜드 단일),bundle,cigarplace,https://www.cigarplace.biz/all-brands/roly.html
Romeo y Julieta,Miniatures,"cigarillo,machine_made",cigarplace,https://www.cigarplace.biz/all-brands/romeo-y-julieta-cigars/romeo-y-julieta-miniatures.html
Rosa Cuba,(브랜드 단일),bundle,cigarplace,https://www.cigarplace.biz/all-brands/rosa-cuba.html
Sabor Cubano,(브랜드 단일),bundle,cigarplace,https://www.cigarplace.biz/all-brands/sabor-cubano.html
Scratch Blends,El Titan de Bronze,bundle,cigarpage,https://www.cigarpage.com/scratch-blends-el-titan-de-bronze.html
Scratch Blends,Retrohale Serie,bundle,cigarpage,https://www.cigarpage.com/cigars/scratch-blends-serie-retrohale.html
Scratch Blends,Volume 10,bundle,cigarpage,https://www.cigarpage.com/cigars/scratch-blends-volume-10.html
Scratch Blends,Volume 11,bundle,cigarpage,https://www.cigarpage.com/cigars/scratch-blends-volume-11-6-5-x55.html
Scratch Blends,Volume 12,bundle,cigarpage,https://www.cigarpage.com/cigars/scratch-blends-volume-12-6-x54.html
Scratch Blends,Volume 13,bundle,cigarpage,https://www.cigarpage.com/cigars/scratch-blends-volume-13-6-5-x54.html
Scratch Blends,Volume 14,bundle,cigarpage,https://www.cigarpage.com/cigars/scratch-blends-volume-14-6-x54.html
Scratch Blends,Volume 15,bundle,cigarpage,https://www.cigarpage.com/cigars/scratch-blends-volume-15-6-x54.html
Scratch Blends,Volume 16,bundle,cigarpage,https://www.cigarpage.com/cigars/scratch-blends-volume-16-6-5-x55.html
Scratch Blends,Volume 17,bundle,cigarpage,https://www.cigarpage.com/cigars/scratch-blends-volume-17-6-x54.html
Scratch Blends,Volume 18,bundle,cigarpage,https://www.cigarpage.com/cigars/scratch-blends-volume-18-5-x56.html
Scratch Blends,Volume 21,bundle,cigarpage,https://www.cigarpage.com/cigars/scratch-blends-volume-21.html
Scratch Blends,Volume 25,bundle,cigarpage,https://www.cigarpage.com/cigars/scratch-blends-volume-25.html
Scratch Blends,Volume 4,bundle,cigarpage,https://www.cigarpage.com/cigars/scratch-blends-volume-4.html
Scratch Blends,Volume 5,bundle,cigarpage,https://www.cigarpage.com/cigars/scratch-blends-volume-5.html
Scratch Blends,Volume 6,bundle,cigarpage,https://www.cigarpage.com/cigars/scratch-blends-maduro-volume-6-mazo-5.html
Scratch Blends,Volume 7,bundle,cigarpage,https://www.cigarpage.com/cigars/scratch-blends-hab-box-press-volume-7-mazo-5.html
Scratch Blends,Volume 8,bundle,cigarpage,https://www.cigarpage.com/cigars/scratch-blends-volume-8.html
Scratch Blends,Volume 9,bundle,cigarpage,https://www.cigarpage.com/cigars/scratch-blends-dark-hab-volume-9-mazo-5.html
Spirit of Cuba,Corojo,bundle,cigarplace,https://www.cigarplace.biz/all-brands/spirit-of-cuba-cigars/spirit-of-cuba-corojo.html
Spirit of Cuba,Habano,bundle,cigarplace,https://www.cigarplace.biz/all-brands/spirit-of-cuba-cigars/spirit-of-cuba-habano.html
Spirit of Cuba,Natural,bundle,cigarplace,https://www.cigarplace.biz/all-brands/spirit-of-cuba-cigars/spirit-of-cuba-natural.html
Swisher,Sweets,"infused,machine_made",cigarpage,https://www.cigarpage.com/cigars/swisher-sweets.html
Swisher,Sweets BLK Tip,"infused,machine_made",cigarpage,https://www.cigarpage.com/cigars/swisher-sweets-blk-tip.html
Toscano,Antico,machine_made,cigarpage,https://www.cigarpage.com/cigars/toscano-antico.html
Toscano,Brenta,machine_made,cigarpage,https://www.cigarpage.com/cigars/toscano-brenta.html
Toscano,Classico,machine_made,cigarpage,https://www.cigarpage.com/cigars/toscano-classico.html
Toscano,Garibaldi,machine_made,cigarpage,https://www.cigarpage.com/cigars/toscano-garibaldi.html
Toscano,Master Aged,machine_made,cigarpage,https://www.cigarpage.com/cigars/toscano-master-aged.html
Toscano,Originale,machine_made,cigarpage,https://www.cigarpage.com/cigars/toscano-originale.html
Toscano,Toscanello Aroma Cafe,"cigarillo,infused,machine_made",cigarpage,https://www.cigarpage.com/cigars/toscanello-aroma-cafe.html
Toscano,Toscanello Aroma Cioccolato,"cigarillo,infused,machine_made",cigarpage,https://www.cigarpage.com/cigars/toscano-toscanello-aroma-cioccolato.html
Toscano,Toscanello Aroma Limoncello,"cigarillo,infused,machine_made",cigarpage,https://www.cigarpage.com/cigars/toscanello-aroma-limoncello.html
Toscano,Toscanello Aroma Vaniglia,"cigarillo,infused,machine_made",cigarpage,https://www.cigarpage.com/cigars/toscanello-aroma-vaniglia.html
Toscano,Toscanello Caffe Macchiato,"cigarillo,infused,machine_made",cigarpage,https://www.cigarpage.com/cigars/toscano-toscanello-caffe-macchiato.html
Toscano,Toscanello Hazelnut,"cigarillo,infused,machine_made",cigarpage,https://www.cigarpage.com/cigars/toscanello-hazelnut.html
Toscano,Toscanello Natural,"cigarillo,machine_made",cigarpage,https://www.cigarpage.com/cigars/toscanello-natural.html
Trader Jack's,(브랜드 단일),bundle,cigarplace,https://www.cigarplace.biz/all-brands/trader-jack-s.html
Trader Jacks,Midnight,bundle,cigarpage,https://www.cigarpage.com/cigars/trader-jacks-midnight.html
Trader Jacks,Natural,bundle,cigarpage,https://www.cigarpage.com/cigars/trader-jacks-natural.html
Trader Jacks,Sunrise,bundle,cigarpage,https://www.cigarpage.com/cigars/trader-jacks-sunrise.html
Villiger,Export,"cigarillo,machine_made",cigarpage+cigarplace,https://www.cigarplace.biz/all-brands/villiger-cigars/villiger-export.html
Villiger Braniff,(브랜드 단일),"cigarillo,machine_made",cigarplace,https://www.cigarplace.biz/all-brands/villiger-braniff.html
White Owl,(브랜드 단일),machine_made,cigarplace,https://www.cigarplace.biz/all-brands/white-owl.html
Zino,Cigarillos,"cigarillo,machine_made",cigarplace,https://www.cigarplace.biz/all-brands/zino-cigars/zino-cigarillos.html
